,lat,lon,timestamp,amenity,name,tags
0,49.1327053,-123.0991859,2019-08-24T15:12:34.000-07:00,restaurant,Nando's,"{'brand:wikidata': 'Q3472954', 'cuisine': 'chicken;portuguese', 'brand': ""Nando's"", 'brand:wikipedia': ""en:Nando's""}"
1,49.1330103,-123.0955358,2019-08-24T15:12:34.000-07:00,restaurant,Boston Pizza,"{'brand:wikidata': 'Q894578', 'cuisine': 'pizza', 'brand': 'Boston Pizza', 'brand:wikipedia': 'en:Boston Pizza', 'addr:unit': '2000'}"
2,49.2665754,-123.103744,2018-10-26T20:30:44.000-07:00,restaurant,Peaceful Restaurant,"{'opening_hours': 'Su-Th 11:00-21:30; Fr-Sa 11:00-22:00', 'addr:housenumber': '43', 'website': 'http://www.peacefulrestaurant.com', 'addr:street': 'East 5th Avenue', 'phone': '+1-604-559-9511'}"
3,49.2779185,-122.912361,2019-11-14T08:54:00.000-08:00,restaurant,Pho 99,"{'addr:housenumber': '8901', 'addr:street': 'Cornerstone Mews'}"
4,49.325981,-123.1423367,2020-05-29T04:38:32.000-07:00,restaurant,Cactus Club Cafe,{}
5,49.2875631,-123.129718,2019-09-18T23:00:49.000-07:00,restaurant,Cora,"{'brand:wikidata': 'Q2996960', 'addr:housenumber': '1368', 'brand:wikipedia': 'en:Cora (restaurant)', 'cuisine': 'breakfast', 'addr:street': 'Robson Street', 'brand': 'Cora', 'addr:city': 'Vancouver'}"
6,49.2457903,-122.8916363,2018-05-05T21:21:46.000-07:00,restaurant,Pho 99,{'cuisine': 'vietnamese'}
7,49.1674933,-122.6674453,2019-06-07T13:28:04.000-07:00,restaurant,Boston Pizza,"{'brand:wikidata': 'Q894578', 'addr:housenumber': '20090', 'brand:wikipedia': 'en:Boston Pizza', 'cuisine': 'pizza', 'name:en': 'Boston Pizza', 'addr:street': '91A Avenue', 'brand': 'Boston Pizza'}"
8,49.1660159,-122.6635496,2019-03-08T20:32:22.000-08:00,restaurant,Pizza Hut,"{'brand:wikidata': 'Q191615', 'addr:housenumber': '20159', 'brand:wikipedia': 'en:Pizza Hut', 'cuisine': 'pizza', 'name:en': 'Pizza Hut', 'addr:street': '88 Avenue', 'brand': 'Pizza Hut'}"
9,49.1055548,-122.7402471,2020-05-05T21:02:04.000-07:00,restaurant,The Chopped Leaf,"{'addr:province': 'BC', 'addr:housenumber': '17433', 'addr:country': 'CA', 'cuisine': 'american', 'addr:street': '56 Avenue', 'addr:postcode': 'V3S 2X6', 'addr:unit': '116', 'addr:city': 'Surrey'}"
10,49.2018963,-122.9126506,2019-07-26T07:37:15.000-07:00,restaurant,The Old Spaghetti Factory,"{'wheelchair': 'limited', 'addr:housenumber': '50', 'website': 'http://www.osf.ca', 'phone': '+1-604-524-9788', 'cuisine': 'italian', 'addr:street': 'Eighth Street'}"
11,49.2634241,-123.1173128,2018-08-30T03:12:10.000-07:00,restaurant,Cactus Club Cafe,{}
12,49.291387,-123.1350164,2019-03-27T03:46:34.000-07:00,restaurant,Banana Leaf,"{'addr:housenumber': '1779', 'website': 'https://www.bananaleaf-vancouver.com/', 'phone': '+1-604-569-3363', 'cuisine': 'malaysian', 'addr:street': 'Robson Street', 'addr:postcode': 'V6E 1M5'}"
13,49.2907725,-123.1340782,2019-09-13T13:56:59.000-07:00,restaurant,Dinesty Dumpling House,"{'cuisine': 'chinese;asian', 'addr:housenumber': '1719', 'addr:street': 'Robson Street', 'addr:city': 'Vancouver'}"
14,49.2723413,-122.789067,2016-08-27T11:45:18.000-07:00,restaurant,De Dutch,"{'cuisine': 'breakfast;german', 'name:en': 'De Dutch', 'internet_access': 'wlan'}"
15,49.2257668,-122.9968006,2019-07-20T18:37:01.000-07:00,restaurant,Nando's,"{'brand:wikidata': 'Q3472954', 'level': '1', 'brand:wikipedia': ""en:Nando's"", 'description': 'They specialize in flame-grilled chicken.', 'cuisine': 'chicken;portuguese', 'brand': ""Nando's""}"
16,49.2275482,-122.8370119,2017-03-13T04:11:07.000-07:00,restaurant,Neptune Chinese Kitchen,{'name:en': 'Neptune Chinese Kitchen'}
17,49.1693268,-122.6664782,2019-06-07T13:28:04.000-07:00,restaurant,White Spot,"{'brand:wikidata': 'Q7995414', 'addr:housenumber': '20077', 'brand:wikipedia': 'en:White Spot', 'cuisine': 'burger', 'name:en': 'White Spot', 'addr:street': '91A Avenue', 'brand': 'White Spot'}"
18,49.1694686,-122.6657545,2019-09-13T13:56:59.000-07:00,restaurant,The Old Spaghetti Factory,"{'addr:housenumber': '20077', 'addr:street': '91A Avenue', 'addr:city': 'Langley'}"
19,49.1468811,-122.8910518,2020-03-15T00:44:42.000-07:00,restaurant,Cactus Club Cafe,"{'addr:province': 'BC', 'addr:housenumber': '7907', 'addr:street': 'Scott Road', 'addr:city': 'Delta'}"
20,49.1711386,-123.1360519,2019-10-29T03:23:55.000-07:00,restaurant,Boston Pizza,"{'brand:wikidata': 'Q894578', 'cuisine': 'pizza', 'brand': 'Boston Pizza', 'brand:wikipedia': 'en:Boston Pizza', 'addr:city': 'Richmond'}"
21,49.1343339,-123.0651422,2019-09-13T13:56:49.000-07:00,restaurant,The Old Spaghetti Factory,"{'cuisine': 'italian', 'addr:housenumber': '14200', 'addr:street': 'Entertainment Boulevard', 'addr:unit': '110', 'addr:city': 'Richmond'}"
22,49.1717889,-123.1359234,2019-05-27T13:45:24.000-07:00,restaurant,White Spot,"{'brand:wikidata': 'Q7995414', 'cuisine': 'burger', 'brand': 'White Spot', 'brand:wikipedia': 'en:White Spot'}"
23,49.2305371,-123.007442,2019-05-27T03:58:22.000-07:00,restaurant,Nando's,"{'brand:wikidata': 'Q3472954', 'addr:housenumber': '4334', 'website': 'https://www.nandos.ca/eat/restaurants/kingsway', 'phone': '+1-604-434-6220', 'brand:wikipedia': ""en:Nando's"", 'opening_hours': 'Mo-Th 11:00-22:00; Fr-Sa 11:00-22:30; Su 11:00-22:00', 'cuisine': 'chicken;portuguese', 'name:en': ""Nando's"", 'addr:street': 'Kingsway', 'brand': ""Nando's""}"
24,49.1863895,-122.8474565,2019-08-29T19:49:18.000-07:00,restaurant,Boston Pizza,"{'brand:wikidata': 'Q894578', 'cuisine': 'pizza', 'name:en': 'Boston Pizza', 'brand': 'Boston Pizza', 'brand:wikipedia': 'en:Boston Pizza'}"
25,49.1861186,-122.8474382,2019-06-25T02:51:54.000-07:00,restaurant,Ricky's,"{'name:en': ""Ricky's""}"
26,49.1898931,-122.8035637,2017-03-21T05:02:55.000-07:00,restaurant,Togo Sushi,{'name:en': 'Togo Sushi'}
27,49.1886303,-122.802229,2017-03-21T05:01:29.000-07:00,restaurant,Milestones,{'name:en': 'Milestones'}
28,49.035414,-122.2663773,2019-09-02T22:08:26.000-07:00,restaurant,Cactus Club Cafe,"{'opening_hours': 'Su-Th 11:00-00:00; Fr-Sa 11:00-01:00', 'website': 'https://www.cactusclubcafe.com/location/abbotsford', 'outdoor_seating': 'yes', 'phone': '+1-604-852-2582', 'addr:unit': 'B'}"
29,49.1784334,-123.121667,2020-04-17T21:26:32.000-07:00,restaurant,Nando's,"{'brand:wikidata': 'Q3472954', 'addr:housenumber': '4711', 'brand:wikipedia': ""en:Nando's"", 'cuisine': 'chicken;portuguese', 'addr:street': 'McClelland Road', 'brand': ""Nando's"", 'addr:city': 'Richmond'}"
30,49.1872412,-123.1316835,2019-07-17T18:32:17.000-07:00,restaurant,Deer Garden Signatures,"{'addr:housenumber': '8338', 'website': 'http://deergarden.ca/', 'phone': '+1-604-278-3779', 'smoking': 'no', 'opening_hours': 'Mo-Su 11:00-23:00', 'cuisine': 'chinese', 'addr:street': 'Capstan Way', 'addr:unit': '1213', 'addr:city': 'Richmond'}"
31,49.0530329,-122.3170562,2018-06-20T15:12:25.000-07:00,restaurant,Denny's,"{'opening_hours': '24/7', 'cuisine': 'american', 'website': 'https://m.facebook.com/Dennys-103614253112369', 'phone': '+1-604-853-3669', 'level': '0'}"
32,49.2790657,-123.0999382,2019-09-13T13:57:03.000-07:00,restaurant,Pacific Poke,"{'addr:housenumber': '625', 'addr:street': 'Main Street', 'addr:city': 'Vancouver'}"
33,49.3240623,-123.1087802,2019-09-13T13:57:03.000-07:00,restaurant,White Spot,"{'brand:wikidata': 'Q7995414', 'addr:housenumber': '107-1226', 'brand:wikipedia': 'en:White Spot', 'cuisine': 'burger', 'addr:street': 'Marine Drive', 'brand': 'White Spot', 'addr:city': 'District of North Vancouver'}"
34,49.2334631,-123.034937,2019-09-13T13:57:02.000-07:00,restaurant,Peaceful Restaurant,"{'addr:housenumber': '3320', 'addr:street': 'Kingsway', 'addr:city': 'Vancouver'}"
35,49.12737,-122.8452404,2017-02-26T17:48:55.000-08:00,restaurant,Denny's,"{'name:en': ""Denny's"", 'addr:street': 'King George Boulevard'}"
36,49.253994,-123.2353546,2014-11-07T06:05:32.000-08:00,restaurant,Togo Sushi,"{'addr:housenumber': '3380', 'website': 'http://www.togosushi.ca/', 'cuisine': 'sushi', 'addr:street': 'Shrum Lane', 'entrance': 'yes', 'addr:postcode': 'V6S 0B9', 'addr:city': 'Vancouver'}"
37,49.2230985,-122.9821688,2019-07-02T01:21:58.000-07:00,restaurant,Denny's,"{'brand:wikidata': 'Q1189695', 'cuisine': 'american', 'brand': ""Denny's"", 'brand:wikipedia': ""en:Denny's""}"
38,49.2566232,-122.7471301,2019-09-24T15:52:27.000-07:00,restaurant,Freshii,"{'brand:wikidata': 'Q5503051', 'addr:housenumber': '2325', 'website': 'https://www.starbucks.com/', 'brand:wikipedia': 'en:Freshii', 'cuisine': 'salad', 'addr:street': 'Ottawa Street', 'brand': 'Freshii', 'addr:unit': '100', 'addr:city': 'Port Coquitlam'}"
39,49.255495,-122.7466809,2019-09-10T18:06:48.000-07:00,restaurant,White Spot,"{'brand:wikidata': 'Q7995414', 'cuisine': 'burger', 'brand': 'White Spot', 'brand:wikipedia': 'en:White Spot'}"
40,49.288332,-123.1225965,2018-08-16T20:22:39.000-07:00,restaurant,Panago Pizza,"{'cuisine': 'pizza', 'takeaway': 'only', 'capacity': '0'}"
41,49.2293878,-123.0904982,2019-11-07T19:56:30.000-08:00,restaurant,Pizza Hut,"{'brand:wikidata': 'Q191615', 'cuisine': 'pizza', 'brand': 'Pizza Hut', 'brand:wikipedia': 'en:Pizza Hut'}"
42,49.2268102,-123.0040761,2019-03-18T03:17:29.000-07:00,restaurant,Boston Pizza,"{'brand:wikidata': 'Q894578', 'cuisine': 'pizza', 'name:en': 'Boston Pizza', 'brand': 'Boston Pizza', 'brand:wikipedia': 'en:Boston Pizza'}"
43,49.226408,-123.0036228,2019-07-07T03:58:25.000-07:00,restaurant,Freshii,"{'brand:wikidata': 'Q5503051', 'cuisine': 'salad', 'name:en': 'Freshii', 'brand': 'Freshii', 'brand:wikipedia': 'en:Freshii'}"
44,49.2632255,-123.1333895,2019-08-29T18:25:42.000-07:00,restaurant,Denny's,"{'brand:wikidata': 'Q1189695', 'addr:housenumber': '1296', 'phone': '+1-604-731-9033', 'brand:wikipedia': ""en:Denny's"", 'cuisine': 'american', 'addr:street': 'West Broadway', 'brand': ""Denny's""}"
45,49.2300329,-123.003695,2019-09-13T13:57:03.000-07:00,restaurant,Dinesty Dumpling House,"{'addr:housenumber': '4501', 'addr:street': 'Kingsway', 'addr:unit': '104', 'addr:city': 'Burnaby'}"
46,49.2317641,-123.0091627,2019-09-13T13:57:03.000-07:00,restaurant,Pizza Hut,"{'brand:wikidata': 'Q191615', 'addr:housenumber': '4287', 'brand:wikipedia': 'en:Pizza Hut', 'cuisine': 'pizza', 'addr:street': 'Kingsway', 'brand': 'Pizza Hut', 'addr:unit': '1', 'addr:city': 'Burnaby'}"
47,49.0910725,-122.6074795,2019-09-13T13:57:03.000-07:00,restaurant,Panago Pizza,"{'addr:housenumber': '22259', 'addr:street': '48 Avenue', 'addr:postcode': 'V3A 3N4', 'addr:unit': '301', 'addr:city': 'Langley'}"
48,49.2183727,-122.6538329,2019-09-13T13:57:02.000-07:00,restaurant,Browns Socialhouse,"{'addr:housenumber': '20490', 'addr:street': 'Lougheed Highway', 'addr:city': 'Maple Ridge'}"
49,49.218154,-122.6436783,2019-09-13T13:57:02.000-07:00,restaurant,White Spot,"{'addr:housenumber': '20855', 'addr:street': 'Lougheed Highway', 'addr:city': 'Maple Ridge'}"
50,49.1980237,-122.9785339,2019-09-11T03:48:59.000-07:00,restaurant,Pizza Hut,"{'brand:wikidata': 'Q191615', 'addr:housenumber': '170-7515', 'brand:wikipedia': 'en:Pizza Hut', 'cuisine': 'pizza', 'takeaway': 'yes', 'brand': 'Pizza Hut'}"
51,49.2798153,-123.1236381,2019-08-29T17:51:24.000-07:00,restaurant,Freshii,"{'brand:wikidata': 'Q5503051', 'brand:wikipedia': 'en:Freshii', 'opening_hours': 'Mo-Fr 11:00-20:00; Sa-Su 11:00-17:00', 'cuisine': 'salad', 'name:en': 'Freshii', 'addr:street': 'Nelson Street', 'brand': 'Freshii'}"
52,49.172236,-123.1358351,2019-10-27T17:08:25.000-07:00,restaurant,Dinesty Dumpling House,"{'website': 'http://dinesty.ca/', 'cuisine': 'chinese', 'addr:postcode': 'V6X 3J9', 'addr:unit': '160', 'addr:city': 'Richmond', 'addr:housenumber': '8111', 'phone': '+1-604-303-7772', 'smoking': 'no', 'opening_hours': 'Mo-Su 11:00-15:00,17:30-22:00', 'name:en': 'Dinesty Dumpling House', 'addr:street': 'Ackroyd Road', 'name:zh_pinyin': '聚'}"
53,49.2711559,-123.1358083,2019-08-29T18:31:06.000-07:00,restaurant,The Keg,"{'brand:wikidata': 'Q7744066', 'wheelchair': 'yes', 'website': 'https://www.kegsteakhouse.com/', 'phone': '+1-604-685-4735', 'brand:wikipedia': 'en:The Keg', 'cuisine': 'steak_house', 'brand': 'The Keg'}"
54,49.222971,-122.9841291,2019-07-02T01:21:58.000-07:00,restaurant,White Spot,"{'brand:wikidata': 'Q7995414', 'addr:housenumber': '5550', 'website': 'http://www.whitespot.com', 'brand:wikipedia': 'en:White Spot', 'cuisine': 'burger', 'addr:street': 'Kingsway', 'addr:postcode': 'V5H 2G2', 'brand': 'White Spot'}"
55,49.2290001,-123.000461,2019-03-19T01:53:30.000-07:00,restaurant,Cactus Club Cafe,"{'cuisine': 'regional', 'addr:housenumber': '4653', 'website': 'https://www.cactusclubcafe.com/', 'addr:street': 'Kingsway', 'addr:postcode': 'V5H 4L3'}"
56,49.227687,-123.0904914,2019-09-13T13:57:02.000-07:00,restaurant,Deer Garden Signatures,"{'addr:housenumber': '6270', 'addr:street': 'Fraser Street', 'addr:city': 'Vancouver'}"
57,49.2376572,-123.1556393,2019-09-13T13:57:04.000-07:00,restaurant,White Spot,"{'addr:housenumber': '5367', 'addr:street': 'West Boulevard', 'addr:city': 'Vancouver'}"
58,49.2637428,-123.2104101,2019-09-13T13:57:04.000-07:00,restaurant,Pizza Hut,"{'brand:wikidata': 'Q191615', 'addr:housenumber': '4540', 'brand:wikipedia': 'en:Pizza Hut', 'cuisine': 'pizza', 'addr:street': 'West 10th Avenue', 'brand': 'Pizza Hut', 'addr:city': 'Vancouver'}"
59,49.2544973,-123.0220975,2019-09-13T13:57:04.000-07:00,restaurant,Big Star Sandwich Co.,"{'addr:housenumber': '3736', 'addr:street': 'Canada Way', 'addr:city': 'Burnaby'}"
60,49.0375485,-122.8009329,2019-09-13T13:57:05.000-07:00,restaurant,Boston Pizza,"{'brand:wikidata': 'Q894578', 'addr:housenumber': '1956', 'brand:wikipedia': 'en:Boston Pizza', 'cuisine': 'pizza', 'addr:street': '152 Street', 'brand': 'Boston Pizza', 'addr:city': 'Surrey'}"
61,49.0452315,-122.7786492,2019-09-13T13:57:05.000-07:00,restaurant,Browns Socialhouse,"{'addr:housenumber': '16030', 'addr:street': '24 Avenue', 'addr:unit': '105', 'addr:city': 'Surrey'}"
62,49.0478089,-122.7849282,2020-04-16T23:27:41.000-07:00,restaurant,Chopped Leaf,"{'addr:province': 'BC', 'addr:housenumber': '15775', 'addr:country': 'CA', 'addr:street': 'Croydon Drive', 'addr:postcode': 'V3S 2L5', 'addr:unit': 'F102', 'addr:city': 'Surrey'}"
63,49.044654,-122.7772023,2019-09-13T13:57:05.000-07:00,restaurant,Big Star Sandwich Co.,"{'addr:housenumber': '16050', 'addr:street': '24 Avenue', 'addr:unit': '155', 'addr:city': 'Surrey'}"
64,49.0451866,-122.7781347,2019-09-13T13:57:05.000-07:00,restaurant,Freshii,"{'brand:wikidata': 'Q5503051', 'addr:housenumber': '16030', 'brand:wikipedia': 'en:Freshii', 'cuisine': 'salad', 'addr:street': '24 Avenue', 'brand': 'Freshii', 'addr:unit': '125', 'addr:city': 'Surrey'}"
65,49.2188492,-122.9645805,2019-09-13T13:57:02.000-07:00,restaurant,Deer Garden Signatures,"{'addr:housenumber': '7150', 'addr:street': 'Sperling Avenue', 'addr:city': 'Burnaby'}"
66,49.2818319,-123.1234128,2019-08-29T17:57:11.000-07:00,restaurant,Boston Pizza,"{'brand:wikidata': 'Q894578', 'opening_hours': 'Su-Th 11:00-00:00; Fr-Sa 11:00-02:00', 'cuisine': 'pizza', 'brand': 'Boston Pizza', 'brand:wikipedia': 'en:Boston Pizza'}"
67,49.10485,-122.8028182,2020-04-17T15:41:10.000-07:00,restaurant,Chopped Leaf,"{'addr:province': 'BC', 'addr:housenumber': '15161', 'website': 'https://www.choppedleaf.ca/', 'phone': '+1-604-574-0024', 'addr:country': 'CA', 'addr:street': '56 Ave', 'addr:postcode': 'V3S 1G0', 'addr:unit': '100', 'addr:city': 'Surrey'}"
68,49.1856947,-122.801637,2017-08-21T18:26:26.000-07:00,restaurant,Nando's,{}
69,49.2799326,-123.1302522,2019-09-18T23:00:49.000-07:00,restaurant,Banana Leaf,"{'addr:housenumber': '1043', 'website': 'https://www.bananaleaf-vancouver.com/', 'phone': '+1-604-669-3389', 'opening_hours': 'Mo-Su 11:30-22:00', 'cuisine': 'malaysian', 'outdoor_seating': 'no', 'addr:street': 'Davie Street', 'addr:postcode': 'V6E 1M5', 'addr:city': 'Vancouver'}"
70,49.1037213,-122.7281926,2015-08-20T19:21:25.000-07:00,restaurant,Ricky's,"{'addr:housenumber': '17830', 'addr:street': '56 Avenue'}"
71,49.1709535,-123.1824399,2017-06-02T15:25:46.000-07:00,restaurant,Pizza Hut,"{'cuisine': 'pizza', 'name:en': 'Pizza Hut'}"
72,49.2838437,-123.1053674,2019-12-22T02:47:27.000-08:00,restaurant,The Old Spaghetti Factory,"{'diet:vegetarian': 'yes', 'addr:housenumber': '53', 'website': 'http://www.oldspaghettifactory.ca/locations/gastown', 'haunted': 'yes', 'cuisine': 'italian', 'name:en': 'The Old Spaghetti Factory', 'addr:street': 'Water Street'}"
73,49.0326388,-122.801449,2017-06-10T12:33:20.000-07:00,restaurant,White Spot,{'cuisine': 'regional'}
74,49.285769,-123.1247049,2019-09-13T13:56:49.000-07:00,restaurant,Neptune Chinese Kitchen,"{'cuisine': 'chinese', 'addr:housenumber': '1136', 'addr:street': 'Alberni Street', 'source': 'survey', 'addr:city': 'Vancouver'}"
75,49.2627174,-123.1000189,2020-01-20T20:26:25.000-08:00,restaurant,Freshii,"{'brand:wikidata': 'Q5503051', 'addr:housenumber': '270', 'brand:wikipedia': 'en:Freshii', 'cuisine': 'salad', 'addr:street': 'East Broadway', 'brand': 'Freshii'}"
76,49.0904674,-123.0790855,2017-10-21T21:55:45.000-07:00,restaurant,Ricky's,"{'addr:housenumber': '5239', 'addr:street': 'Ladner Trunk Road'}"
77,49.3210825,-123.0956321,2019-09-23T15:35:32.000-07:00,restaurant,Cora,"{'brand:wikidata': 'Q2996960', 'addr:housenumber': '801', 'phone': '+1-604-990-0051', 'brand:wikipedia': 'en:Cora (restaurant)', 'cuisine': 'breakfast', 'addr:street': 'Marine Drive', 'addr:postcode': 'V7P 3K6', 'brand': 'Cora', 'addr:city': 'North Vancouver'}"
78,49.1637059,-122.6604812,2020-02-11T02:31:22.000-08:00,restaurant,Denny's,"{'brand:wikidata': 'Q1189695', 'addr:housenumber': '8855', 'brand:wikipedia': ""en:Denny's"", 'cuisine': 'american', 'addr:street': '202 Street', 'brand': ""Denny's""}"
79,49.2681152,-123.1595834,2019-03-23T19:23:33.000-07:00,restaurant,Peaceful Restaurant,"{'cuisine': 'chinese', 'addr:housenumber': '2394', 'addr:street': 'West 4th Avenue'}"
80,49.2681518,-123.1463206,2019-08-29T18:31:06.000-07:00,restaurant,Pizza Hut,"{'brand:wikidata': 'Q191615', 'addr:housenumber': '1829', 'brand:wikipedia': 'en:Pizza Hut', 'cuisine': 'pizza', 'addr:street': 'West 4th Avenue', 'brand': 'Pizza Hut'}"
81,49.268201,-123.1486188,2019-08-29T18:31:06.000-07:00,restaurant,Freshii,"{'brand:wikidata': 'Q5503051', 'addr:housenumber': '1927', 'brand:wikipedia': 'en:Freshii', 'cuisine': 'salad', 'addr:street': 'West 4th Avenue', 'brand': 'Freshii'}"
82,49.2664116,-123.0140254,2012-03-10T06:54:33.000-08:00,restaurant,White Spot,{}
83,49.189306,-122.8026622,2019-10-29T18:02:14.000-07:00,restaurant,Freshii,"{'brand:wikidata': 'Q5503051', 'cuisine': 'salad', 'brand': 'Freshii', 'brand:wikipedia': 'en:Freshii'}"
84,49.0906097,-123.0802207,2020-04-17T15:59:57.000-07:00,restaurant,Chopped Leaf,"{'addr:province': 'BC', 'addr:housenumber': '5209', 'addr:country': 'CA', 'addr:street': 'Ladner Trunk Road', 'addr:postcode': 'V4K 1W4', 'addr:city': 'Delta'}"
85,49.0584965,-122.3808116,2019-02-20T02:38:28.000-08:00,restaurant,Milestones,"{'opening_hours:signed': 'no', 'website': 'https://www.milestonesrestaurants.com/location_region.php?province=BC&s=1&city_drop=Abbotsford', 'addr:unit': 'E110', 'layer': '2'}"
86,49.278102,-122.9099445,2019-10-07T05:01:09.000-07:00,restaurant,The Chopped Leaf,{'addr:unit': '106'}
87,49.2781344,-122.9101527,2019-10-07T05:01:09.000-07:00,restaurant,Togo Sushi,"{'cuisine': 'sushi', 'addr:unit': '107'}"
88,49.0562149,-122.380711,2020-01-19T23:57:49.000-08:00,restaurant,Denny's,"{'brand:wikidata': 'Q1189695', 'addr:housenumber': '3010', 'website': 'https://www.dennys.ca/', 'brand:wikipedia': ""en:Denny's"", 'cuisine': 'american', 'addr:street': 'Mount Lehman Road', 'brand': ""Denny's"", 'operator': 'Northland Properties'}"
89,49.2492559,-122.8670655,2012-10-06T00:58:04.000-07:00,restaurant,Pizza Hut,"{'cuisine': 'pizza', 'operator': 'Yum! Brands'}"
90,49.285504,-123.118815,2020-03-11T04:43:09.000-07:00,restaurant,Cactus Club Cafe,"{'addr:province': 'BC', 'addr:housenumber': '588', 'website': 'https://www.cactusclubcafe.com/', 'phone': '+1-604-682-0933', 'cuisine': 'Global', 'addr:street': 'Burrard Street', 'addr:city': 'Vancouver'}"
91,49.132705,-122.3390044,2019-09-22T22:48:18.000-07:00,restaurant,Pizza Hut,"{'brand:wikidata': 'Q191615', 'website': 'https://www.pizzahut.ca', 'brand:wikipedia': 'en:Pizza Hut', 'cuisine': 'pizza', 'brand': 'Pizza Hut', 'addr:unit': 'C110'}"
92,49.2339814,-122.8626888,2017-02-13T21:46:03.000-08:00,restaurant,Ricky's,"{'addr:housenumber': '1090', 'addr:street': 'Lougheed Highway'}"
93,49.254194,-123.2360217,2019-04-29T21:29:21.000-07:00,restaurant,Neptune Chinese Kitchen,{'cuisine': 'chinese'}
94,49.288292,-123.14005,2019-04-20T08:44:06.000-07:00,restaurant,Banana Leaf,"{'addr:housenumber': '1096', 'website': 'https://www.bananaleaf-vancouver.com/', 'phone': '+1-604-683-3333', 'smoking': 'no', 'opening_hours': 'Mo-Sa 11:30-22:00; Su 11:30-21:45', 'cuisine': 'asian', 'addr:street': 'Denman Street'}"
95,49.2251548,-123.1018741,2019-12-20T03:56:16.000-08:00,restaurant,Freshii,"{'brand:wikidata': 'Q5503051', 'addr:province': 'BC', 'addr:housenumber': '6541', 'brand:wikipedia': 'en:Freshii', 'cuisine': 'salad', 'addr:street': 'Main Street', 'brand': 'Freshii', 'addr:city': 'Vancouver'}"
96,49.1780886,-123.1274542,2018-02-09T04:59:28.000-08:00,restaurant,Deer Garden Signatures,"{'opening_hours': 'Mo-Su 11:00-23:00', 'cuisine': 'chinese', 'phone': '+1-604-278-9229'}"
97,49.2630798,-123.1160636,2018-08-30T03:12:10.000-07:00,restaurant,Peaceful Restaurant,"{'cuisine': 'chinese', 'addr:housenumber': '#110 532', 'addr:street': 'West Broadway', 'phone': '+1-604-879-9878'}"
98,49.26428,-123.1722925,2019-10-09T05:27:10.000-07:00,restaurant,Banana Leaf,"{'cuisine': 'malaysian', 'addr:housenumber': '3005', 'website': 'https://www.bananaleaf-vancouver.com/', 'addr:street': 'West Broadway', 'phone': '+1-604-734-3005'}"
99,49.2750892,-123.1227583,2019-10-27T17:08:25.000-07:00,restaurant,Cactus Club Cafe,"{'diet:gluten_free': 'yes', 'air_conditioning': 'yes', 'takeaway': 'yes', 'addr:city': 'Vancouver', 'diet:vegetarian': 'yes', 'addr:housenumber': '357', 'bar': 'yes', 'phone': '+1-604-685-8070', 'smoking': 'no', 'opening_hours': 'Su-We 11:30-00:00; Th-Sa 11:30-01:00', 'reservation': 'yes', 'outdoor_seating': 'yes', 'addr:street': 'Davie Street'}"
100,49.197361,-123.178806,2011-04-27T23:00:51.000-07:00,restaurant,Milestones,{}
101,49.2634282,-123.1170237,2019-09-13T13:57:04.000-07:00,restaurant,Freshii,"{'brand:wikidata': 'Q5503051', 'addr:housenumber': '561', 'brand:wikipedia': 'en:Freshii', 'cuisine': 'salad', 'addr:street': 'West Broadway', 'brand': 'Freshii', 'addr:city': 'Vancouver'}"
102,49.2544914,-123.1012783,2019-10-29T21:16:32.000-07:00,restaurant,Pizza Hut,"{'brand:wikidata': 'Q191615', 'addr:housenumber': '3425', 'brand:wikipedia': 'en:Pizza Hut', 'cuisine': 'pizza', 'addr:street': 'Main Street', 'brand': 'Pizza Hut', 'addr:city': 'Vancouver'}"
103,49.3264332,-123.1392875,2020-05-29T00:40:33.000-07:00,restaurant,White Spot,"{'brand:wikidata': 'Q7995414', 'cuisine': 'burger', 'brand': 'White Spot', 'brand:wikipedia': 'en:White Spot'}"
104,49.2179441,-122.6483993,2019-11-11T00:58:02.000-08:00,restaurant,Pizza Hut,"{'brand:wikidata': 'Q191615', 'cuisine': 'pizza', 'brand': 'Pizza Hut', 'brand:wikipedia': 'en:Pizza Hut'}"
105,49.1917274,-123.0808548,2019-05-28T17:03:52.000-07:00,restaurant,White Spot,"{'brand:wikidata': 'Q7995414', 'diet:vegetarian': 'yes', 'addr:housenumber': '120-12800', 'phone': '+1-604-270-0375', 'brand:wikipedia': 'en:White Spot', 'cuisine': 'burger', 'addr:street': 'Bridgeport Road', 'addr:postcode': 'V6V 0B4', 'brand': 'White Spot', 'addr:city': 'Richmond'}"
106,49.2778963,-122.7936486,2019-04-07T19:33:26.000-07:00,restaurant,The Keg,"{'brand:wikidata': 'Q7744066', 'cuisine': 'steak_house', 'brand': 'The Keg', 'brand:wikipedia': 'en:The Keg'}"
107,49.0589538,-122.4922744,2020-01-15T21:07:58.000-08:00,restaurant,Pizza Hut,"{'brand:wikidata': 'Q191615', 'cuisine': 'pizza', 'brand': 'Pizza Hut', 'brand:wikipedia': 'en:Pizza Hut'}"
108,49.0580042,-122.4919543,2019-09-25T14:48:42.000-07:00,restaurant,White Spot,"{'brand:wikidata': 'Q7995414', 'cuisine': 'burger', 'brand': 'White Spot', 'brand:wikipedia': 'en:White Spot'}"
109,49.2106257,-123.0923821,2018-12-14T07:50:07.000-08:00,restaurant,Neptune Chinese Kitchen,"{'delivery': 'yes', 'cuisine': 'chinese', 'addr:housenumber': '620', 'addr:street': 'Southeast Marine Drive'}"
110,49.2129995,-122.9211009,2019-07-02T01:10:30.000-07:00,restaurant,White Spot,"{'brand:wikidata': 'Q7995414', 'internet_access': 'wlan', 'phone': '+1-604-522-4800', 'level': '1', 'brand:wikipedia': 'en:White Spot', 'opening_hours': 'Su-Th 08:00-22:00; Fr-Sa 08:00-22:30', 'cuisine': 'burger', 'addr:postcode': 'V3L 3C2', 'brand': 'White Spot'}"
111,49.1774901,-123.1292862,2019-07-16T20:42:42.000-07:00,restaurant,Phở Hòa,"{'brand:wikidata': 'Q55629932', 'name:vi': 'Phở Hòa', 'alt_name': 'Phở Hoà', 'alt_name:en': 'Pho Hoa', 'brand:wikipedia': 'en:Phở Hòa', 'cuisine': 'vietnamese;noodle', 'alt_name:vi': 'Phở Hoà', 'brand': 'Phở Hòa'}"
112,49.3125664,-123.0822132,2019-09-13T13:57:03.000-07:00,restaurant,Boston Pizza,"{'brand:wikidata': 'Q894578', 'addr:housenumber': '88', 'phone': '+1-778-340-1514', 'brand:wikipedia': 'en:Boston Pizza', 'cuisine': 'pizza', 'addr:street': 'Chesterfield Avenue', 'brand': 'Boston Pizza', 'addr:city': 'North Vancouver City'}"
113,49.3124327,-123.08221,2019-09-13T13:57:03.000-07:00,restaurant,Freshii,"{'addr:housenumber': '180', 'addr:street': 'West Esplanade Street', 'phone': '+1-778-729-0838', 'addr:unit': '2', 'addr:city': 'North Vancouver City'}"
114,49.1326485,-123.0915094,2020-01-12T02:50:27.000-08:00,restaurant,Freshii,"{'brand:wikidata': 'Q5503051', 'addr:province': 'BC', 'addr:housenumber': '11020', 'brand:wikipedia': 'en:Freshii', 'cuisine': 'salad', 'addr:street': 'No. 5 Road', 'brand': 'Freshii', 'addr:unit': '103', 'addr:city': 'Richmond'}"
115,49.2800699,-122.9697686,2019-07-07T04:11:10.000-07:00,restaurant,White Spot,"{'brand:wikidata': 'Q7995414', 'addr:housenumber': '6500', 'brand:wikipedia': 'en:White Spot', 'cuisine': 'burger', 'addr:street': 'Hastings Street', 'brand': 'White Spot'}"
116,49.1661003,-122.664152,2017-02-09T01:36:32.000-08:00,restaurant,The Chopped Leaf,"{'level': '0', 'takeaway': 'yes'}"
117,49.2672796,-123.1131132,2013-11-02T18:25:27.000-07:00,restaurant,De Dutch,{}
118,49.2269711,-123.1287459,2019-07-16T20:38:16.000-07:00,restaurant,Phở Hòa,"{'brand:wikidata': 'Q55629932', 'name:vi': 'Phở Hòa', 'alt_name': 'Phở Hoà', 'website': 'https://phohoa.com/', 'alt_name:en': 'Pho Hoa', 'brand:wikipedia': 'en:Phở Hòa', 'cuisine': 'vietnamese;noodle', 'alt_name:vi': 'Phở Hoà', 'brand': 'Phở Hòa'}"
119,49.0459218,-122.7821538,2019-09-13T13:56:49.000-07:00,restaurant,White Spot,"{'brand:wikidata': 'Q7995414', 'addr:housenumber': '15877', 'brand:wikipedia': 'en:White Spot', 'cuisine': 'burger', 'addr:street': 'Croydon Drive', 'brand': 'White Spot', 'addr:city': 'Surrey'}"
120,49.1905117,-122.9504389,2019-09-23T20:20:53.000-07:00,restaurant,Nando's,"{'brand:wikidata': 'Q3472954', 'brand:wikipedia': ""en:Nando's"", 'cuisine': 'chicken;portuguese', 'outdoor_seating': 'yes', 'takeaway': 'yes', 'brand': ""Nando's""}"
121,49.0244881,-123.0691535,2019-09-02T22:08:26.000-07:00,restaurant,White Spot,"{'delivery': 'no', 'addr:housenumber': '1199', 'website': 'https://www.whitespot.ca/location/tsawwassen', 'phone': '+1-604-943-5715', 'opening_hours': 'Mo-Su 06:30-22:00', 'cuisine': 'american;international', 'outdoor_seating': 'no', 'addr:street': '56 Street', 'addr:postcode': 'V4L 2A6', 'takeaway': 'yes', 'addr:city': 'Delta'}"
122,49.1736004,-123.1475891,2020-04-17T20:36:04.000-07:00,restaurant,Freshii,"{'brand:wikidata': 'Q5503051', 'brand:wikipedia': 'en:Freshii', 'cuisine': 'salad', 'addr:postcode': 'V7C 4N3', 'takeaway': 'yes', 'addr:unit': '110', 'addr:city': 'Richmond', 'addr:housenumber': '5668', 'smoking': 'no', 'opening_hours': 'Mo-Fr 09:00-20:00, Sa-Su 10:00-19:00', 'addr:street': 'Hollybridge Way', 'brand': 'Freshii'}"
123,49.2761557,-123.1281645,2019-09-18T23:00:49.000-07:00,restaurant,White Spot,"{'brand:wikidata': 'Q7995414', 'addr:housenumber': '712', 'brand:wikipedia': 'en:White Spot', 'opening_hours': 'Mo-Th,Su 07:00-23:00; Fr,Sa 07:00-00:00', 'cuisine': 'burger', 'addr:street': 'Drake Street', 'brand': 'White Spot', 'addr:city': 'Vancouver'}"
124,49.2778449,-123.1276301,2020-01-18T19:47:45.000-08:00,restaurant,Nando's,"{'brand:wikidata': 'Q3472954', 'addr:housenumber': '828', 'brand:wikipedia': ""en:Nando's"", 'opening_hours': 'Fr,Sa 11:00-24:00, Su-Th 11:00-23:00', 'cuisine': 'chicken;portuguese', 'addr:street': 'Davie Street', 'brand': ""Nando's""}"
125,49.220176,-122.6629221,2014-01-26T08:56:14.000-08:00,restaurant,Panago Pizza,{'cuisine': 'pizza'}
126,49.2047372,-123.1308338,2019-09-13T13:57:04.000-07:00,restaurant,White Spot,"{'brand:wikidata': 'Q7995414', 'addr:housenumber': '1041', 'brand:wikipedia': 'en:White Spot', 'cuisine': 'burger', 'addr:street': 'Southwest Marine Drive', 'brand': 'White Spot', 'addr:city': 'Vancouver'}"
127,49.2121488,-123.1409022,2019-09-13T13:57:04.000-07:00,restaurant,Pizza Hut,"{'brand:wikidata': 'Q191615', 'addr:housenumber': '8155', 'brand:wikipedia': 'en:Pizza Hut', 'cuisine': 'pizza', 'addr:street': 'Granville Street', 'brand': 'Pizza Hut', 'addr:city': 'Vancouver'}"
128,49.1881812,-123.1116797,2019-09-13T13:57:04.000-07:00,restaurant,Denny's,"{'addr:housenumber': '10211', 'addr:street': 'Saint Edwards Drive', 'addr:city': 'Richmond'}"
129,49.2778577,-122.9119847,2020-01-18T09:03:22.000-08:00,restaurant,Pizza Hut,"{'brand:wikidata': 'Q191615', 'addr:housenumber': '8917', 'brand:wikipedia': 'en:Pizza Hut', 'cuisine': 'pizza', 'addr:street': 'Cornerstone Mews', 'brand': 'Pizza Hut'}"
130,49.1026873,-122.6456899,2020-02-03T00:51:41.000-08:00,restaurant,Freshii,"{'brand:wikidata': 'Q5503051', 'addr:province': 'BC', 'addr:housenumber': '20821', 'brand:wikipedia': 'en:Freshii', 'cuisine': 'salad', 'addr:street': 'Fraser Highway', 'brand': 'Freshii', 'addr:unit': '37', 'addr:city': 'Langley'}"
131,49.1129138,-122.6681084,2018-10-29T03:49:08.000-07:00,restaurant,Cactus Club Cafe,"{'cuisine': 'international', 'addr:housenumber': '6070', 'addr:street': '200 Street'}"
132,49.1129178,-122.6625851,2019-06-07T13:28:04.000-07:00,restaurant,Nando's,"{'brand:wikidata': 'Q3472954', 'addr:housenumber': '20190', 'website': 'https://www.nandos.ca/eat/restaurants/langley', 'brand:wikipedia': ""en:Nando's"", 'cuisine': 'chicken;portuguese', 'addr:street': 'Langley Bypass', 'brand': ""Nando's"", 'addr:unit': 'G030'}"
133,49.3078523,-123.0409549,2014-01-06T08:00:29.000-08:00,restaurant,White Spot,{'cuisine': 'american'}
134,49.306933,-123.0345561,2019-09-13T13:56:49.000-07:00,restaurant,Freshii,"{'addr:housenumber': '1386', 'addr:street': 'Main Street', 'addr:unit': '7', 'addr:city': 'North Vancouver'}"
135,49.2662294,-122.7769711,2017-12-31T17:59:29.000-08:00,restaurant,Earl's,"{'addr:housenumber': '2850', 'addr:street': 'Shaughnessy Street'}"
136,49.2202683,-122.6496039,2010-09-02T07:16:40.000-07:00,restaurant,The Keg,{}
137,49.2472107,-122.8935137,2016-10-11T01:42:30.000-07:00,restaurant,White Spot,"{'addr:housenumber': '4075', 'addr:street': 'North Road', 'drive_in': 'yes'}"
138,49.189941,-122.8471754,2019-10-21T00:40:15.000-07:00,restaurant,Phở Hòa,"{'brand:wikidata': 'Q55629932', 'name:vi': 'Phở Hòa', 'alt_name': 'Phở Hoà', 'alt_name:en': 'Pho Hoa', 'brand:wikipedia': 'en:Phở Hòa', 'cuisine': 'vietnamese;noodle', 'alt_name:vi': 'Phở Hoà', 'brand': 'Phở Hòa'}"
139,49.285939,-123.1265796,2017-12-31T17:58:32.000-08:00,restaurant,Earl's,"{'addr:housenumber': '1185', 'addr:street': 'Robson Street'}"
140,49.110595,-122.6768607,2019-03-18T03:18:58.000-07:00,restaurant,Boston Pizza,"{'brand:wikidata': 'Q894578', 'cuisine': 'pizza', 'brand': 'Boston Pizza', 'brand:wikipedia': 'en:Boston Pizza'}"
141,49.2790508,-122.8292606,2019-08-15T01:18:40.000-07:00,restaurant,Freshii,"{'brand:wikidata': 'Q5503051', 'cuisine': 'salad', 'brand': 'Freshii', 'brand:wikipedia': 'en:Freshii'}"
142,49.2610518,-123.2482235,2019-12-08T19:52:39.000-08:00,restaurant,Pacific Poke,"{'wheelchair': 'yes', 'delivery': 'no', 'internet_access': 'wlan', 'smoking': 'no', 'cuisine': 'asian', 'name:en': 'Pacific Pokè', 'addr:street': 'Agronomy Road', 'takeaway': 'yes', 'operator': 'UBC Food Services'}"
143,49.3262139,-123.1359438,2019-10-29T17:29:30.000-07:00,restaurant,Nando's,"{'brand:wikidata': 'Q3472954', 'wheelchair': 'yes', 'addr:housenumber': '722', 'level': '0', 'brand:wikipedia': ""en:Nando's"", 'cuisine': 'chicken;portuguese', 'addr:street': 'Main Street', 'brand': ""Nando's""}"
144,49.1645574,-122.6646365,2020-02-11T02:31:22.000-08:00,restaurant,Nando's,"{'brand:wikidata': 'Q3472954', 'cuisine': 'chicken;portuguese', 'brand': ""Nando's"", 'brand:wikipedia': ""en:Nando's""}"
145,49.2373483,-122.8529856,2012-10-07T03:23:42.000-07:00,restaurant,Pho 99,"{'cuisine': 'vietnamese', 'source': 'survey'}"
146,49.2332102,-122.8521201,2020-01-09T05:58:26.000-08:00,restaurant,Cactus Club Cafe,"{'addr:housenumber': '101', 'website': 'https://www.cactusclubcafe.com/location/coquitlam/', 'phone': '+1-604-777-0440', 'smoking': 'no', 'opening_hours': 'Mo-Th 11:00-24:00; Fr-Sa 11:30-01:00; Su 11:30-24:00', 'cuisine': 'american', 'outdoor_seating': 'yes', 'addr:street': 'Schoolhouse Street', 'addr:postcode': 'V3L 3P4', 'addr:unit': '110', 'addr:city': 'Coquitlam'}"
147,49.2637686,-123.1632614,2019-10-09T05:27:10.000-07:00,restaurant,White Spot,"{'brand:wikidata': 'Q7995414', 'addr:housenumber': '2518', 'brand:wikipedia': 'en:White Spot', 'cuisine': 'burger', 'addr:street': 'West Broadway', 'brand': 'White Spot'}"
148,49.212557,-122.9192842,2020-04-16T23:44:05.000-07:00,restaurant,The Chopped Leaf,"{'addr:province': 'BC', 'addr:housenumber': '531', 'addr:country': 'CA', 'addr:street': '6th St', 'addr:postcode': 'V3L 3B9', 'addr:city': 'New Westminster'}"
149,49.137448,-122.8912035,2020-04-17T00:32:37.000-07:00,restaurant,Chopped Leaf,"{'addr:province': 'BC', 'addr:housenumber': '7347a', 'addr:country': 'CA', 'addr:street': '120 St', 'addr:postcode': 'V4C 6P5', 'addr:city': 'Delta'}"
150,49.2734,-122.7884457,2019-09-13T13:57:05.000-07:00,restaurant,Freshii,"{'brand:wikidata': 'Q5503051', 'addr:housenumber': '2755', 'brand:wikipedia': 'en:Freshii', 'cuisine': 'salad', 'addr:street': 'Lougheed Highway', 'brand': 'Freshii', 'addr:unit': '31A', 'addr:city': 'Port Coquitlam'}"
151,49.3359055,-123.0376105,2019-07-07T22:34:44.000-07:00,restaurant,Pizza Hut,"{'brand:wikidata': 'Q191615', 'cuisine': 'pizza', 'brand': 'Pizza Hut', 'brand:wikipedia': 'en:Pizza Hut'}"
152,49.2637937,-123.1399831,2019-08-29T18:25:42.000-07:00,restaurant,Freshii,"{'brand:wikidata': 'Q5503051', 'cuisine': 'salad', 'brand': 'Freshii', 'brand:wikipedia': 'en:Freshii', 'addr:unit': '102'}"
153,49.0330673,-123.0692551,2019-08-18T09:07:49.000-07:00,restaurant,Browns Socialhouse,{}
154,49.0311535,-123.0691973,2019-08-18T10:15:50.000-07:00,restaurant,Pizza Hut,"{'brand:wikidata': 'Q191615', 'cuisine': 'pizza', 'brand': 'Pizza Hut', 'brand:wikipedia': 'en:Pizza Hut'}"
155,49.133789,-122.8406633,2019-09-13T13:57:05.000-07:00,restaurant,Pizza Hut,"{'brand:wikidata': 'Q191615', 'addr:housenumber': '13753', 'brand:wikipedia': 'en:Pizza Hut', 'cuisine': 'pizza', 'addr:street': '72 Avenue', 'brand': 'Pizza Hut', 'addr:unit': '103', 'addr:city': 'Surrey'}"
156,49.135356,-122.8430621,2019-09-13T13:57:05.000-07:00,restaurant,Panago Pizza,"{'cuisine': 'pizza', 'addr:housenumber': '7320', 'addr:street': 'King George Boulevard', 'addr:unit': '114', 'addr:city': 'Surrey'}"
157,49.1381113,-122.8449545,2019-09-13T13:57:05.000-07:00,restaurant,Boston Pizza,"{'brand:wikidata': 'Q894578', 'addr:housenumber': '7488', 'brand:wikipedia': 'en:Boston Pizza', 'cuisine': 'pizza', 'addr:street': 'King George Boulevard', 'brand': 'Boston Pizza', 'addr:unit': '600', 'addr:city': 'Surrey'}"
158,49.2638501,-123.1448497,2019-09-13T13:56:49.000-07:00,restaurant,Denny's,"{'brand:wikidata': 'Q1189695', 'addr:housenumber': '1759', 'brand:wikipedia': ""en:Denny's"", 'opening_hours': 'Mo-Su 06:00-00:00', 'cuisine': 'american', 'addr:street': 'West Broadway', 'brand': ""Denny's"", 'addr:city': 'Vancouver'}"
159,49.282833,-123.1154195,2019-09-13T13:56:49.000-07:00,restaurant,Peaceful Restaurant,"{'addr:housenumber': '602', 'website': 'http://www.peacefulrestaurant.com', 'phone': '+1-604-313-1333', 'cuisine': 'chinese', 'addr:street': 'Seymour Street', 'addr:postcode': 'V6B 3K4', 'addr:city': 'Vancouver'}"
160,49.0585182,-122.3788725,2019-05-27T07:56:16.000-07:00,restaurant,Freshii,"{'brand:wikidata': 'Q5503051', 'website': 'https://www.freshii.com/ca/en-ca/highstreetmallvancouver', 'level': '2', 'brand:wikipedia': 'en:Freshii', 'cuisine': 'salad', 'brand': 'Freshii', 'addr:unit': 'C105', 'layer': '2'}"
161,49.1057505,-122.8021287,2016-10-11T01:33:17.000-07:00,restaurant,White Spot,"{'addr:housenumber': '15157', 'addr:street': 'Highway 10'}"
162,49.1869381,-122.8000621,2019-03-16T04:26:18.000-07:00,restaurant,Pizza Hut,"{'brand:wikidata': 'Q191615', 'addr:housenumber': '10160', 'brand:wikipedia': 'en:Pizza Hut', 'cuisine': 'pizza', 'addr:street': '152 Street', 'brand': 'Pizza Hut'}"
163,49.0908788,-123.0833668,2019-09-05T06:38:44.000-07:00,restaurant,Pizza Hut,"{'brand:wikidata': 'Q191615', 'cuisine': 'pizza', 'brand': 'Pizza Hut', 'brand:wikipedia': 'en:Pizza Hut'}"
164,49.2572846,-123.1269819,2015-05-22T06:38:15.000-07:00,restaurant,De Dutch,"{'opening_hours': 'Mo-Fr 07:30-15:00; Sa-Su 08:00-15:00', 'wheelchair': 'limited', 'cuisine': 'breakfast', 'addr:housenumber': '3192', 'addr:street': 'Oak Street'}"
165,49.2201784,-122.6577511,2020-01-06T07:51:28.000-08:00,restaurant,Big Star Sandwich Co.,"{'addr:province': 'BC', 'addr:housenumber': '11959', 'addr:street': '203 Street', 'addr:unit': '103', 'addr:city': 'Maple Ridge'}"
166,49.263427,-123.1396262,2019-03-22T02:47:00.000-07:00,restaurant,Cactus Club Cafe,"{'cuisine': 'Global', 'addr:housenumber': '1530', 'website': 'https://www.cactusclubcafe.com/', 'addr:street': 'West Broadway', 'phone': '+1-604-733-0434'}"
167,49.0502826,-122.3175498,2019-10-29T04:00:37.000-07:00,restaurant,Nando's,"{'brand:wikidata': 'Q3472954', 'cuisine': 'chicken;portuguese', 'brand': ""Nando's"", 'brand:wikipedia': ""en:Nando's"", 'addr:unit': '64'}"
168,49.1121157,-122.6506343,2019-12-03T05:25:30.000-08:00,restaurant,Cora,"{'brand:wikidata': 'Q2996960', 'addr:housenumber': '20670', 'brand:wikipedia': 'en:Cora (restaurant)', 'cuisine': 'breakfast', 'addr:street': 'Langley Bypass', 'brand': 'Cora', 'addr:unit': 'C104', 'addr:city': 'Langley'}"
169,49.1170227,-122.6751086,2019-11-22T21:08:39.000-08:00,restaurant,Denny's,"{'brand:wikidata': 'Q1189695', 'addr:housenumber': '19777', 'brand:wikipedia': ""en:Denny's"", 'cuisine': 'american', 'addr:street': 'Willowbrook Drive', 'brand': ""Denny's"", 'addr:city': 'Langley'}"
170,49.2869324,-123.1246607,2019-09-13T13:57:07.000-07:00,restaurant,Freshii,"{'brand:wikidata': 'Q5503051', 'addr:housenumber': '1185', 'brand:wikipedia': 'en:Freshii', 'cuisine': 'salad', 'addr:street': 'West Georgia Street', 'brand': 'Freshii', 'addr:city': 'Vancouver'}"
171,49.0419035,-123.0853223,2019-07-29T04:44:35.000-07:00,restaurant,Nando's,"{'brand:wikidata': 'Q3472954', 'addr:housenumber': '4949', 'brand:wikipedia': ""en:Nando's"", 'cuisine': 'chicken;portuguese', 'addr:street': 'Canoe Pass Way', 'brand': ""Nando's"", 'addr:unit': '902'}"
172,49.035275,-123.0884974,2020-01-29T01:46:43.000-08:00,restaurant,Boston Pizza,"{'brand:wikidata': 'Q894578', 'addr:province': 'British Columbia', 'addr:housenumber': '5000', 'brand:wikipedia': 'en:Boston Pizza', 'cuisine': 'pizza', 'addr:street': 'Canoe Pass Way', 'addr:postcode': 'V4E 0B3', 'brand': 'Boston Pizza', 'addr:city': 'Delta'}"
173,49.0351515,-123.088867,2020-01-29T01:46:43.000-08:00,restaurant,Milestones,"{'addr:province': 'British Columbia', 'addr:housenumber': '5000', 'addr:street': 'Canoe Pass Way', 'addr:postcode': 'V4E 0B3', 'addr:city': 'Delta'}"
174,49.2534148,-122.7397591,2020-04-17T18:21:07.000-07:00,restaurant,Chopped Leaf,"{'addr:province': 'BC', 'addr:housenumber': '873', 'addr:country': 'CA', 'addr:street': 'Village Drive', 'addr:postcode': 'V3B 0G9', 'addr:city': 'Port Coquitlam'}"
175,49.2563016,-122.7482111,2019-09-13T13:57:05.000-07:00,restaurant,Boston Pizza,"{'brand:wikidata': 'Q894578', 'addr:housenumber': '2325', 'brand:wikipedia': 'en:Boston Pizza', 'cuisine': 'pizza', 'addr:street': 'Ottawa Street', 'brand': 'Boston Pizza', 'addr:unit': '300', 'addr:city': 'Port Coquitlam'}"
176,49.1732885,-123.1465196,2019-10-29T03:23:55.000-07:00,restaurant,Dinesty Dumpling House,"{'cuisine': 'chinese', 'addr:housenumber': '5555', 'addr:street': 'Gilbert Road', 'addr:unit': '150', 'addr:city': 'Richmond'}"
177,49.3200814,-123.0702446,2019-09-13T13:57:05.000-07:00,restaurant,Nando's,"{'brand:wikidata': 'Q3472954', 'addr:housenumber': '148', 'brand:wikipedia': ""en:Nando's"", 'addr:street': 'East 13th Street', 'brand': ""Nando's"", 'addr:city': 'North Vancouver'}"
178,49.1582411,-122.7820519,2020-03-15T00:57:29.000-07:00,restaurant,Boston Pizza,"{'brand:wikidata': 'Q894578', 'addr:province': 'BC', 'addr:housenumber': '15980', 'brand:wikipedia': 'en:Boston Pizza', 'cuisine': 'pizza', 'addr:street': 'Fraser Highway', 'brand': 'Boston Pizza', 'addr:unit': '801', 'addr:city': 'Surrey'}"
179,49.1611807,-122.8913021,2020-03-15T00:44:42.000-07:00,restaurant,Pho 99,"{'addr:province': 'BC', 'cuisine': 'vietnamese', 'addr:housenumber': '8699', 'addr:street': 'Scott Road', 'addr:city': 'Delta'}"
180,49.1576414,-122.8907428,2019-09-28T08:09:19.000-07:00,restaurant,Denny's,"{'brand:wikidata': 'Q1189695', 'cuisine': 'american', 'brand': ""Denny's"", 'brand:wikipedia': ""en:Denny's""}"
181,49.2669012,-123.0057206,2019-09-13T13:57:05.000-07:00,restaurant,Browns Socialhouse,"{'addr:housenumber': '1908', 'addr:street': 'Rosser Avenue', 'addr:city': 'Burnaby'}"
182,49.2059041,-123.0111841,2019-09-13T13:57:07.000-07:00,restaurant,Freshii,"{'brand:wikidata': 'Q5503051', 'addr:housenumber': '8605', 'brand:wikipedia': 'en:Freshii', 'cuisine': 'salad', 'addr:street': 'Glenlyon Parkway', 'brand': 'Freshii', 'addr:unit': '4', 'addr:city': 'Burnaby'}"
183,49.116251,-122.6703778,2020-04-17T00:24:56.000-07:00,restaurant,Chopped Leaf,"{'addr:province': 'BC', 'addr:housenumber': '19950', 'website': 'https://www.choppedleaf.ca', 'addr:country': 'CA', 'cuisine': 'sandwich', 'addr:street': 'Willowbrook Drive', 'addr:postcode': 'V2Y 1K9', 'addr:city': 'Langley'}"
184,49.2631692,-123.1205957,2019-11-28T08:07:46.000-08:00,restaurant,Pacific Poke,"{'addr:province': 'BC', 'addr:housenumber': '730', 'addr:street': 'West Broadway', 'addr:city': 'Vancouver'}"
185,49.2584314,-123.0306853,2019-09-02T22:08:25.000-07:00,restaurant,Boston Pizza,"{'diet:vegetarian': 'yes', 'addr:housenumber': '1333', 'phone': '+1-604-730-2822', 'opening_hours': 'Su-Th 11:00-01:00, Fr-Sa 11:00-02:00', 'cuisine': 'american', 'addr:street': 'Grandview Highway', 'addr:postcode': 'V6H 4C1', 'addr:unit': '190'}"
186,49.2746568,-122.7909967,2019-09-13T13:56:49.000-07:00,restaurant,Cora,"{'brand:wikidata': 'Q2996960', 'addr:housenumber': '3025', 'brand:wikipedia': 'en:Cora (restaurant)', 'cuisine': 'breakfast', 'addr:street': 'Lougheed Highway', 'brand': 'Cora', 'addr:city': 'Coquitlam'}"
187,49.2914917,-123.1352004,2019-10-29T03:23:55.000-07:00,restaurant,Pacific Poke,"{'addr:housenumber': '1795', 'addr:street': 'Robson Street', 'addr:city': 'Vancouver'}"
188,49.2276704,-123.0033251,2019-09-13T13:57:05.000-07:00,restaurant,Cactus Club Cafe,"{'addr:housenumber': '6090', 'addr:street': 'Silver Drive', 'addr:city': 'Burnaby'}"
189,49.2756694,-122.7944127,2019-04-07T19:33:26.000-07:00,restaurant,Boston Pizza,"{'brand:wikidata': 'Q894578', 'addr:housenumber': '3025', 'brand:wikipedia': 'en:Boston Pizza', 'cuisine': 'pizza', 'addr:street': 'Lougheed Highway', 'brand': 'Boston Pizza', 'addr:city': 'Coquitlam'}"
190,49.2758814,-122.7909785,2020-03-09T01:33:57.000-07:00,restaurant,Pizza Hut,"{'brand:wikidata': 'Q191615', 'addr:province': 'BC', 'website': 'www.pizzahut.ca', 'brand:wikipedia': 'en:Pizza Hut', 'cuisine': 'pizza', 'addr:postcode': 'V3B 6S2', 'addr:unit': '255', 'addr:city': 'Coquitlam', 'addr:housenumber': '3025', 'phone': '(604) 945-3663', 'opening_hours': 'Su 12:00-23:00 Mo-Th 11:00-23:00 Fr-Sa 11:00-23:59', 'addr:street': 'Lougheed Highway', 'brand': 'Pizza Hut'}"
191,49.2005315,-122.9182651,2014-04-23T18:57:35.000-07:00,restaurant,Boston Pizza,"{'cuisine': 'american', 'capacity': '150'}"
192,49.2738174,-122.7924448,2020-01-17T07:58:29.000-08:00,restaurant,Nando's,"{'brand:wikidata': 'Q3472954', 'cuisine': 'chicken;portuguese', 'brand': ""Nando's"", 'brand:wikipedia': ""en:Nando's""}"
193,49.2637211,-123.1347841,2020-02-15T18:05:28.000-08:00,restaurant,Boston Pizza,"{'brand:wikidata': 'Q894578', 'brand:wikipedia': 'en:Boston Pizza', 'opening_hours': 'Mo-Su 11:00-02:00', 'cuisine': 'pizza', 'brand': 'Boston Pizza', 'addr:city': 'Vancouver'}"
194,49.1294146,-122.3186475,2020-05-07T09:06:20.000-07:00,restaurant,White Spot,"{'brand:wikidata': 'Q7995414', 'website': 'https://www.whitespot.ca/location/mission', 'phone': '+1-604-820-6642', 'brand:wikipedia': 'en:White Spot', 'drive_through': 'yes', 'opening_hours': 'Su-Th 07:00-22:00; Fr-Sa 07:00-23:00', 'cuisine': 'burger', 'outdoor_seating': 'yes', 'brand': 'White Spot', 'addr:unit': '152'}"
195,49.0444502,-122.2217322,2020-04-17T19:38:07.000-07:00,restaurant,Chopped Leaf,"{'addr:province': 'BC', 'addr:housenumber': '2362', 'website': 'https://www.choppedleaf.ca/location/sumasmountainvillage', 'phone': '+1-604-859-0580', 'addr:country': 'CA', 'cuisine': 'salad', 'addr:street': 'Whatcom Road', 'addr:postcode': 'V3G 1E1', 'addr:city': 'Abbotsford'}"
196,49.1916811,-122.8233993,2020-02-16T04:29:33.000-08:00,restaurant,Phở Hòa,"{'brand:wikidata': 'Q55629932', 'name:vi': 'Phở Hòa', 'website': 'https://phohoa.com/', 'brand:wikipedia': 'en:Phở Hòa', 'cuisine': 'vietnamese;noodle', 'addr:unit': '102', 'capacity': '50', 'addr:housenumber': '14357', 'alt_name': 'Phở Hoà', 'alt_name:en': 'Pho Hoa', 'phone': '+1-604-581-3289', 'smoking': 'no', 'opening_hours': 'Su-Sa 10:00-23:30', 'alt_name:vi': 'Phở Hoà', 'addr:street': '104 Avenue', 'brand': 'Phở Hòa'}"
197,49.3242115,-123.1039789,2019-12-27T00:25:12.000-08:00,restaurant,Boston Pizza,"{'brand:wikidata': 'Q894578', 'cuisine': 'pizza', 'brand': 'Boston Pizza', 'brand:wikipedia': 'en:Boston Pizza'}"
198,49.0416362,-123.0830145,2020-04-18T23:45:02.000-07:00,restaurant,De Dutch,"{'cuisine': 'pancake;breakfast', 'addr:unit': '504'}"
199,49.1763527,-123.1318255,2019-10-28T15:41:35.000-07:00,restaurant,Earl's,"{'phone': '+1-604-303-9702', 'website': 'http://www.earls.ca/locations/search/details/16/richmond/restaurant/earls-richmond-lansdowne'}"
200,49.2819109,-123.1135011,2019-09-13T13:56:49.000-07:00,restaurant,White Spot,"{'brand:wikidata': 'Q7995414', 'wheelchair': 'yes', 'brand:wikipedia': 'en:White Spot', 'cuisine': 'burger', 'addr:postcode': 'V6B 1X4', 'addr:city': 'Vancouver', 'capacity': '249', 'diet:vegetarian': 'yes', 'addr:housenumber': '405', 'smoking': 'no', 'opening_hours': 'Mo-Th 06:30-23:00; Fr 06:30-00:00; Sa 08:00-00:00; Su 08:00-23:00', 'addr:street': 'Dunsmuir Street', 'brand': 'White Spot'}"
201,49.1194864,-122.664838,2019-09-13T13:56:58.000-07:00,restaurant,Big Star Sandwich Co.,"{'addr:housenumber': '20125', 'website': 'http://www.flyingwedge.com/store/langley', 'phone': '+1-604-534-8180', 'addr:street': '64 Avenue', 'addr:unit': '106', 'addr:city': 'Langley'}"
202,49.2802104,-123.1311973,2020-05-08T03:00:09.000-07:00,restaurant,Denny's,"{'brand:wikidata': 'Q1189695', 'internet_access': 'wlan', 'brand:wikipedia': ""en:Denny's"", 'cuisine': 'american', 'takeaway': 'yes', 'addr:city': 'Vancouver', 'addr:housenumber': '1098', 'smoking': 'no', 'opening_hours': '24/7', 'outdoor_seating': 'no', 'addr:street': 'Davie Street', 'brand': ""Denny's""}"
203,49.1583928,-122.7802234,2019-09-13T13:57:04.000-07:00,restaurant,Pizza Hut,"{'addr:housenumber': '15951', 'cuisine': 'pizza', 'addr:street': 'Fraser Highway', 'addr:postcode': 'V4N 0Y3', 'addr:unit': '103', 'addr:city': 'Surrey'}"
204,49.2815936,-123.1237542,2017-09-18T23:53:51.000-07:00,restaurant,Earl's,"{'opening_hours': 'Su-Th 11:30-00:00; Fr-Sa 11:30-01:00', 'cuisine': 'american', 'addr:housenumber': '905', 'addr:street': 'Hornby Street', 'addr:city': 'Vancouver'}"
205,49.281185,-123.1322275,2020-04-04T00:54:27.000-07:00,restaurant,Neptune Chinese Kitchen,"{'addr:housenumber': '1143', 'phone': '+1-604-559-9238', 'opening_hours': 'We-Mo 11:00-22:00', 'cuisine': 'chinese', 'outdoor_seating': 'no', 'addr:street': 'Davie Street', 'takeaway': 'yes'}"
206,49.2596044,-123.0019382,2019-07-07T04:11:10.000-07:00,restaurant,The Keg,"{'brand:wikidata': 'Q7744066', 'cuisine': 'steak_house', 'brand': 'The Keg', 'brand:wikipedia': 'en:The Keg'}"
207,49.1876258,-122.8459699,2019-08-24T15:23:01.000-07:00,restaurant,White Spot,"{'brand:wikidata': 'Q7995414', 'wheelchair': 'yes', 'website': 'https://www.whitespot.ca/', 'brand:wikipedia': 'en:White Spot', 'cuisine': 'burger', 'source': 'City of Surrey 2010 GIS Data', 'takeaway': 'yes', 'surrey:date': '19850801', 'addr:city': 'Surrey', 'addr:housenumber': '13580', 'phone': '+1-604-581-2511', 'surrey:addrid': '42220', 'smoking': 'no', 'opening_hours': 'Mo-Sa 06:30-23:00; Su 08:00-22:00', 'addr:street': '102 Avenue', 'brand': 'White Spot'}"
208,49.1654248,-122.6646457,2020-04-16T23:56:06.000-07:00,restaurant,Chopped Leaf,"{'addr:province': 'BC', 'addr:housenumber': '20159', 'addr:country': 'CA', 'addr:street': '88 Avenue', 'addr:postcode': 'V1M 0A4', 'addr:unit': 'C108', 'addr:city': 'Langley'}"
209,49.0505874,-122.324938,2020-04-17T15:25:52.000-07:00,restaurant,Chopped Leaf,"{'addr:province': 'BC', 'addr:housenumber': '32500', 'addr:country': 'CA', 'addr:street': 'South Fraser Way', 'addr:postcode': 'V2T 4W1', 'addr:unit': 'H220', 'addr:city': 'Abbotsford'}"
210,49.219668,-122.6557491,2020-04-17T18:17:31.000-07:00,restaurant,Chopped Leaf,"{'addr:province': 'BC', 'addr:housenumber': '20395', 'addr:country': 'CA', 'addr:street': 'Lougheed Highway', 'addr:postcode': 'V2X 2P9', 'addr:unit': '520', 'addr:city': 'Maple Ridge'}"
211,49.286882,-123.1420929,2019-10-28T15:41:35.000-07:00,restaurant,Milestones,"{'addr:housenumber': '1210', 'website': 'https://www.milestonesrestaurants.com/', 'phone': '+1-604-662-3431', 'name:en': 'Hook Seabar', 'addr:street': 'Denman Street', 'addr:postcode': 'V6G 2N2'}"
212,49.0255218,-123.0675202,2020-04-28T00:17:48.000-07:00,restaurant,Chopped Leaf,"{'addr:province': 'BC', 'addr:housenumber': '1236', 'addr:country': 'CA', 'addr:street': '56 Street', 'addr:postcode': 'V4L 2A4', 'addr:city': 'Delta'}"
213,49.233313,-123.1173462,2019-08-29T17:49:06.000-07:00,restaurant,White Spot,"{'brand:wikidata': 'Q7995414', 'addr:housenumber': '650', 'brand:wikipedia': 'en:White Spot', 'cuisine': 'burger', 'addr:street': 'West 41st Avenue', 'brand': 'White Spot'}"
214,49.2787696,-122.7976283,2013-03-26T23:45:49.000-07:00,restaurant,Togo Sushi,{'cuisine': 'japanese'}
215,49.1653656,-122.6614878,2019-06-07T13:28:04.000-07:00,restaurant,Round Table Pizza,"{'brand:wikidata': 'Q7371139', 'cuisine': 'pizza', 'name:en': 'Round Table Pizza', 'brand': 'Round Table Pizza', 'brand:wikipedia': 'en:Round Table Pizza'}"
216,49.2539596,-122.7388737,2019-09-10T18:06:48.000-07:00,restaurant,Swiss Chalet,"{'brand:wikidata': 'Q2372909', 'cuisine': 'chicken', 'name:en': 'Swiss Chalet', 'brand': 'Swiss Chalet', 'brand:wikipedia': 'en:Swiss Chalet'}"
217,49.11765,-122.6689767,2019-10-29T07:26:40.000-07:00,restaurant,Chuck E. Cheese's,"{'brand:wikidata': 'Q2438391', 'addr:housenumber': '6339', 'brand:wikipedia': ""en:Chuck E. Cheese's"", 'cuisine': 'pizza', 'addr:street': '200 Street', 'leisure': 'amusement_arcade', 'brand': ""Chuck E. Cheese's""}"
218,49.251496,-122.8966693,2019-05-21T01:15:10.000-07:00,restaurant,Ihop,"{'opening_hours': 'Mo-Sa 06:30-21:00; Su 06:30-20:00', 'name:en': 'Ihop'}"
219,49.2619031,-122.8906425,2016-10-06T04:43:13.000-07:00,restaurant,C-Lovers Fish & Chips,{}
220,49.2638283,-123.1413786,2017-05-28T00:16:35.000-07:00,restaurant,Earls,"{'opening_hours': 'Su-Th 11:30-24:00, Fr,Sa 11:30-01:00'}"
221,49.1644702,-123.1361623,2020-04-17T20:57:09.000-07:00,restaurant,IHOP,"{'brand:wikidata': 'Q1185675', 'addr:housenumber': '6780', 'website': 'http://data.gointranet.com/cgi-bin/unitloc/ihop/locator.cgi?cpage=main.html&cu=ejeske&cl=304', 'brand:wikipedia': 'en:IHOP', 'cuisine': 'breakfast;pancake', 'addr:street': 'Number 3 Road', 'brand': 'IHOP'}"
222,49.3244571,-123.1076419,2019-09-13T13:57:03.000-07:00,restaurant,C-Lovers Fish & Chips,"{'addr:housenumber': '1660', 'addr:street': 'Pemberton Avenue', 'addr:city': 'District of North Vancouver'}"
223,49.2623856,-123.0570115,2020-05-19T04:51:17.000-07:00,restaurant,Subway,"{'addr:housenumber': '2499', 'addr:street': 'Nanaimo Street'}"
224,49.1903678,-122.80469,2020-02-22T04:37:54.000-08:00,restaurant,The Pantry,{'name:en': 'The pantry'}
225,49.25249,-122.898259,2010-11-28T21:25:39.000-08:00,restaurant,Red Robin,{}
226,49.2883458,-123.1404577,2019-03-22T02:48:33.000-07:00,restaurant,Fatburger,"{'opening_hours': 'Mo-Fr 09:00-22:00; Sa-Su', 'addr:housenumber': '1101', 'website': 'https://www.fatburgercanada.com/', 'name:en': 'Fatburger', 'addr:street': 'Denman Street'}"
227,49.0463697,-122.8016813,2019-09-13T13:57:05.000-07:00,restaurant,IHOP,"{'brand:wikidata': 'Q1185675', 'addr:housenumber': '2429', 'brand:wikipedia': 'en:IHOP', 'cuisine': 'pancake', 'addr:street': '152 Street', 'brand': 'IHOP', 'addr:unit': '107', 'addr:city': 'Surrey'}"
228,49.0587782,-122.3795062,2019-09-02T22:08:25.000-07:00,restaurant,FATBURGER,"{'website': 'https://www.fatburgercanada.com/', 'phone': '+1-604-381-4447', 'level': '2', 'opening_hours': 'Su-Th 10:30-22:00; Fr-Sa 10:30-23:00', 'description': 'The Last Great Hamburger Stand', 'cuisine': 'sandwich', 'layer': '2'}"
229,49.1326737,-122.3388665,2019-02-18T15:10:14.000-08:00,restaurant,Fatburger,"{'website': 'https://www.fatburgercanada.com/', 'phone': '+1-604-410-0010', 'opening_hours': '10:00-21:00', 'cuisine': 'burger', 'outdoor_seating': 'yes', 'addr:unit': 'C120'}"
230,49.2797512,-123.1235262,2020-04-04T20:48:20.000-07:00,restaurant,Johnny Rockets,"{'brand:wikidata': 'Q1051593', 'addr:housenumber': '755', 'website': 'https://www.johnnyrockets.ca', 'brand:wikipedia': 'en:Johnny Rockets', 'opening_hours': 'Mo-Sa 12:00-20:00; Su 12:00-20:00', 'cuisine': 'burger', 'addr:street': 'Nelson Street', 'brand': 'Johnny Rockets', 'addr:city': 'vancouver'}"
231,49.1193301,-122.8235877,2019-12-01T06:33:16.000-08:00,restaurant,Round Table Pizza,"{'cuisine': 'pizza', 'website': 'http://roundtablepizzasurrey.ca', 'phone': '(604)-502-0144'}"
232,49.2846234,-123.125267,2019-11-23T23:10:21.000-08:00,restaurant,Red Robin,"{'brand:wikidata': 'Q7304886', 'official_name': 'Red Robin Gourmet Burgers and Brews', 'website': 'http://www.redrobinscanada.com', 'air_conditioning': 'yes', 'level': '1', 'brand:wikipedia': 'en:Red Robin', 'cuisine': 'burger', 'addr:city': 'Vancouver', 'addr:housenumber': '803', 'bar': 'yes', 'phone': '+1-604-662-8288', 'smoking': 'no', 'opening_hours': 'Mo-Th,Su 11:00-23:00; Sa,Su 11:00-00:00', 'reservation': 'yes', 'outdoor_seating': 'yes', 'addr:street': 'Thurlow st', 'brand': 'Red Robin'}"
233,49.1911367,-123.1142145,2019-09-13T13:57:04.000-07:00,restaurant,Moxie's Grill & Bar,"{'addr:housenumber': '3233', 'addr:street': 'Saint Edwards Drive', 'addr:city': 'Richmond'}"
234,49.1129898,-122.666724,2020-01-04T17:35:16.000-08:00,restaurant,Olive Garden,"{'brand:wikidata': 'Q3045312', 'website': 'https://www.olivegarden.com/locations/bc/langley/langley-rio-can-centre/4346', 'microbrewery': 'no', 'brand:wikipedia': 'en:Olive Garden', 'cuisine': 'italian', 'addr:postcode': 'V3A 9J7', 'addr:housenumber': '20080', 'phone': '+1-604-514-3499', 'opening_hours': 'Su-Th 11:00-22:00; Fr-Sa 11:00-23:00', 'outdoor_seating': 'no', 'addr:street': 'Langley Bypass', 'brand': 'Olive Garden'}"
235,49.2802313,-123.1103114,2014-12-15T00:39:40.000-08:00,restaurant,Fatburger,{}
236,49.217228,-122.5936509,2019-12-24T04:03:59.000-08:00,restaurant,Red Robin,"{'brand:wikidata': 'Q7304886', 'official_name': 'Red Robin Gourmet Burgers and Brews', 'addr:housenumber': '22701', 'brand:wikipedia': 'en:Red Robin', 'cuisine': 'burger', 'addr:street': 'Lougheed Highway', 'brand': 'Red Robin'}"
237,49.0268333,-122.2660017,2019-11-10T20:24:41.000-08:00,restaurant,The Pantry,"{'website': 'http://www.thepantry.ca/index.php/locations/bc/abbotsford', 'internet_access': 'wlan', 'phone': '+1-604-850-7101', 'internet_access:fee': 'no', 'opening_hours': 'Su-Th 06:30-21:30; Fr-Sa 06:30-22:00', 'description': '[home fresh] Restaurants', 'cuisine': 'pancake'}"
238,49.1869046,-122.8005383,2019-02-18T01:16:17.000-08:00,restaurant,Earls,"{'addr:housenumber': '10160', 'website': 'https://www.earls.ca/', 'phone': '+1-604-584-0840', 'opening_hours': 'Su-We 11:30-23:00; Th-Sa 11:30-00:00', 'cuisine': 'american', 'addr:street': '152 Street'}"
239,49.1097163,-122.6789018,2019-09-13T13:57:04.000-07:00,restaurant,IHOP,"{'brand:wikidata': 'Q1185675', 'addr:housenumber': '19700', 'brand:wikipedia': 'en:IHOP', 'cuisine': 'breakfast;pancake', 'addr:street': 'Langley Bypass', 'brand': 'IHOP', 'addr:city': 'Langley'}"
240,49.1855406,-123.1080009,2019-09-13T13:57:05.000-07:00,restaurant,Eggspectation,"{'addr:housenumber': '10551', 'addr:street': 'Saint Edwards Drive', 'addr:city': 'Richmond'}"
241,49.2630818,-123.1264173,2019-09-13T13:57:04.000-07:00,restaurant,Johnny Rockets,"{'brand:wikidata': 'Q1051593', 'addr:housenumber': '2538', 'brand:wikipedia': 'en:Johnny Rockets', 'cuisine': 'burger', 'addr:street': 'Oak Street', 'brand': 'Johnny Rockets', 'addr:city': 'Vancouver'}"
242,49.3273747,-123.1542843,2019-09-13T13:57:04.000-07:00,restaurant,Earls,"{'addr:housenumber': '1375', 'addr:street': 'Bellevue Avenue', 'addr:city': 'West Vancouver'}"
243,49.2677289,-123.0062452,2020-06-26T02:43:14.000-07:00,restaurant,Panago,{}
244,49.2678061,-123.0062431,2020-06-26T02:43:14.000-07:00,restaurant,Pita Pit,"{'addr:housenumber': '1805 - #3', 'addr:street': 'Rosser'}"
