,lat,lon,timestamp,amenity,name,tags
0,49.2831924,-123.1090499,2015-12-18T21:41:07.000-08:00,entertainment,The Cambie,"{'toilets:wheelchair': 'no', 'wheelchair': 'limited', 'addr:housenumber': '300', 'addr:street': 'Cambie Street', 'addr:city': 'Vancouver'}"
1,49.2659507,-123.2466297,2011-11-19T08:06:36.000-08:00,entertainment,Mahony and Sons,{'wheelchair': 'yes'}
2,49.0557594,-122.1951722,2017-06-22T21:48:35.000-07:00,entertainment,Sumas First Nations Hall,{}
3,49.2684891,-123.258088,2017-03-04T08:41:21.000-08:00,entertainment,Koerner's Pub,"{'opening_hours': 'Mo-Fr 11:30-01:00', 'addr:housenumber': '6371', 'website': 'http://koerners.ca/', 'addr:street': 'Crescent Road', 'phone': '+1-604-827-1443'}"
4,49.2819978,-123.1243463,2019-03-22T02:51:06.000-07:00,entertainment,Scotiabank Theatre Vancouver,"{'addr:housenumber': '900', 'website': 'https://www.cineplex.com/Theatre/scotiabank-theatre-vancouver', 'phone': '+1-604-630-1407', 'addr:street': 'Burrard Street', 'is_in:city': 'Vancouver', 'addr:postcode': 'V6Z 3G5', 'wikidata': 'Q38378292', 'operator': 'Cineplex'}"
5,49.2805037,-123.1068723,2019-12-01T04:03:46.000-08:00,entertainment,Cineplex Odeon International Village Cinemas,"{'addr:housenumber': '88', 'alt_name': 'Tinseltown', 'addr:street': 'West Pender Street', 'level': '2', 'addr:city': 'Vancouver'}"
6,49.1556713,-123.1248972,2017-08-19T05:05:34.000-07:00,entertainment,Legends Pub,{}
7,49.268662,-123.1045109,2019-03-22T02:52:21.000-07:00,entertainment,Faculty Brewing,"{'addr:housenumber': '1830', 'website': 'https://www.facultybrewing.com/', 'shop': 'alcohol', 'phone': '+1-778-819-6794', 'opening_hours': 'Mo-Fr 14:00-23:00; Sa-Su 11:00-23:00', 'outdoor_seating': 'no', 'addr:street': 'Ontario Street', 'addr:postcode': 'V5T 2W6', 'email': 'hola@facultybrewing.com', 'addr:city': 'Vancouver'}"
8,49.2672519,-123.1033949,2018-10-26T20:30:44.000-07:00,entertainment,R & B Ale & Pizza House,"{'opening_hours': 'Su-Tu 11:00-23:00; We-Sa 11:00-00:00', 'website': 'https://www.randbbrewing.com/alehouse', 'phone': '+1-604-336-0275'}"
9,49.2821955,-123.1024011,2019-09-13T13:57:04.000-07:00,entertainment,Back and Forth Bar,"{'note': 'They have ping pong. Not sure about how to tag that', 'addr:housenumber': '303', 'addr:street': 'Columbia Street', 'addr:city': 'Vancouver'}"
10,49.284169,-123.1073434,2019-09-13T13:57:04.000-07:00,entertainment,131 Water Kitchen & Bar,"{'addr:housenumber': '131', 'addr:street': 'Water Street', 'addr:city': 'Vancouver'}"
11,49.2866559,-123.1274985,2016-07-27T18:08:39.000-07:00,entertainment,Shenanigans,{'addr:street': 'Robson Street'}
12,49.2821452,-123.0762115,2019-09-02T22:08:26.000-07:00,entertainment,Callister Tasting Room,"{'addr:housenumber': '1338', 'website': 'http://www.callisterbrewing.com/', 'shop': 'alcohol', 'phone': '+1-604-569-2739', 'opening_hours': 'Mo-Th 14:00-21:00; Fr 14:00-22:00,09:00-18:00; Sa 13:00-22:00; Su 13:00-20:00', 'outdoor_seating': 'no', 'addr:street': 'Franklin Street', 'addr:postcode': 'V5L 1N9', 'email': 'info@callisterbrewing.com', 'addr:city': 'Vancouver'}"
13,49.2833626,-123.0757512,2019-03-22T02:56:22.000-07:00,entertainment,Powell Brewery Tasting Room,"{'opening_hours': 'Mo-Th 14:00-21:00; Fr-Sa 12:00-22:00; Su 12:00-21:00', 'website': 'https://www.powellbeer.com/', 'shop': 'alcohol', 'email': 'tim@powellbeer.com'}"
14,49.2094419,-123.1161616,2018-10-25T14:20:57.000-07:00,entertainment,Dublin Crossing Irish Pub,"{'addr:housenumber': '466', 'website': 'http://dublincrossingvancouver.com/', 'phone': '+1-604-428-8577', 'outdoor_seating': 'yes', 'addr:street': 'SW Marine Drive', 'addr:postcode': 'V5X 0C4', 'addr:city': 'Vancouver'}"
15,49.3127437,-123.0827482,2019-03-19T06:08:10.000-07:00,entertainment,Cineplex Cinemas Esplanade,"{'addr:housenumber': '200', 'website': 'https://www.cineplex.com/Theatre/cineplex-cinemas-esplanade', 'addr:street': 'West Esplanade', 'is_in:city': 'North Vancouver', 'addr:postcode': 'V7M 1A4', 'operator': 'Cineplex'}"
16,49.1622956,-122.6548929,2019-09-23T20:13:22.000-07:00,entertainment,Walnut Grove Pub & Liqour Store,{'name:en': 'Walnut Grove Pub & Liqour Store'}
17,49.2795471,-122.82931,2019-08-15T05:13:39.000-07:00,entertainment,Romer's,"{'addr:housenumber': '7- 101', 'addr:street': 'Morrissey Road'}"
18,49.1654069,-122.6633306,2017-02-22T01:39:22.000-08:00,entertainment,Browns Social House,"{'addr:housenumber': '20159', 'name:en': 'Browns Social House', 'addr:street': '88 Avenue'}"
19,49.2826068,-123.108081,2016-10-09T09:46:32.000-07:00,entertainment,Goldcorp Centre for the Arts,"{'addr:housenumber': '149', 'alt_name': 'Simon Fraser University Goldcorp Centre for the Arts', 'short_name': 'SFU Goldcorp Centre for the Arts', 'addr:street': 'West Hastings Street'}"
20,49.2799912,-123.1164576,2020-03-08T23:06:19.000-07:00,entertainment,The Centre For Performing Arts,"{'addr:province': 'BC', 'addr:housenumber': '777', 'short_name': 'The Centre', 'addr:street': 'Homer Street', 'addr:postcode': 'V6B 2W1', 'wikidata': 'Q38378369', 'addr:city': 'Vancouver'}"
21,49.316484,-122.9533431,2010-04-28T22:40:51.000-07:00,entertainment,Raven Pub,{}
22,49.2785872,-122.8510267,2019-08-09T21:41:43.000-07:00,entertainment,Parkside Brewing,"{'website': 'http://www.theparksidebrewery.com/tasting-room/', 'microbrewery': 'yes', 'shop': 'alcohol', 'phone': '+1-604-492-2731', 'opening_hours': 'Su-Mo 12:00-22:00; Tu-Sa 12:00-23:00', 'outdoor_seating': 'yes', 'email': 'info@theparksidebrewery.com'}"
23,49.227124,-123.0003251,2018-04-21T18:56:30.000-07:00,entertainment,Cupcakes,"{'level': '0', 'name:en': 'Cupcakes'}"
24,49.2272799,-123.0001798,2018-04-21T18:56:31.000-07:00,entertainment,Orange Julius,"{'level': '0', 'name:en': 'Orange Julius'}"
25,49.2262262,-123.0019735,2017-09-03T06:59:17.000-07:00,entertainment,Jugo Juice,"{'level': '1', 'name:en': 'Jugo Juice'}"
26,49.2273214,-123.0002274,2018-04-21T18:56:31.000-07:00,entertainment,Cinnzeo,"{'level': '0', 'name:en': 'Cinnzeo'}"
27,49.2274297,-123.0001335,2018-04-21T18:56:30.000-07:00,entertainment,Menchie's,"{'level': '1', 'name:en': ""Menchie's""}"
28,49.2255829,-122.9983657,2017-09-03T06:59:27.000-07:00,entertainment,Kernels,"{'level': '1', 'name:en': 'Kernels'}"
29,49.2287893,-123.0046579,2017-03-22T04:30:40.000-07:00,entertainment,Eggstatic,"{'addr:housenumber': '1021', 'name:en': 'Eggstatic'}"
30,49.2504797,-122.8951099,2017-03-13T04:11:37.000-07:00,entertainment,Jugo Juice,{'name:en': 'Jugo Juice'}
31,49.2515309,-122.8957313,2017-03-13T04:12:16.000-07:00,entertainment,Big Orange,{'name:en': 'Big Orange'}
32,49.2505677,-122.8949895,2017-03-13T04:13:08.000-07:00,entertainment,Chop & Toss,{'name:en': 'Chop & Toss'}
33,49.2275513,-122.8363525,2017-03-13T04:11:16.000-07:00,entertainment,Fuel Cafe',"{'name:en': ""Fuel Cafe'""}"
34,49.2507042,-122.8961076,2017-03-13T04:15:38.000-07:00,entertainment,Orange Julius,{'name:en': 'Orange Julius'}
35,49.2802068,-123.1068483,2019-12-01T04:03:46.000-08:00,entertainment,Shiny Tea,"{'addr:housenumber': '88', 'name:en': 'Shiny Tea', 'addr:street': 'West Pender Street', 'addr:city': 'Vancouver'}"
36,49.3063936,-123.0115775,2018-10-26T20:30:46.000-07:00,entertainment,Deep Cove Brewers and Distillers Lounge,"{'addr:housenumber': '2270', 'website': 'http://deepcovecraft.com/index_wp.php/lounge/', 'shop': 'alcohol', 'phone': '+1-604-770-1136', 'opening_hours': 'Mo-Th 12:00-23:00; Fr-Sa 12:00-00:00; Su 12:00-22:00', 'outdoor_seating': 'yes', 'addr:street': 'Dollarton Highway', 'addr:postcode': 'V7H 1A8', 'addr:unit': '170', 'email': 'info@deepcovecraft.com', 'addr:city': 'North Vancouver'}"
37,49.2777606,-123.0760415,2019-05-21T18:12:29.000-07:00,entertainment,Off The Rail Tasting Room,"{'website': 'http://offtherailbrewing.com/', 'shop': 'alcohol', 'phone': '+1-604-563-5767', 'opening_hours': 'Su-Th 12:00-20:00; Fr-Sa 12:00-22:00', 'brewery': 'yes', 'email': 'trigger@offtherailbrewing.com'}"
38,49.2774745,-123.0745168,2018-06-22T04:58:26.000-07:00,entertainment,Bomber Tasting Room,"{'opening_hours': 'Mo-Su 12:00-23:00', 'website': 'http://bomberbrewing.com', 'shop': 'alcohol', 'phone': '+1-604-428-7457'}"
39,49.1293757,-123.0952983,2018-10-26T20:30:45.000-07:00,entertainment,Fuggles & Warlock Tasting Room,"{'addr:housenumber': '11220', 'website': 'http://fuggleswarlock.com', 'shop': 'alcohol', 'phone': '+1-604-285-7745', 'wlan': 'free', 'opening_hours': 'Su-We 12:00-19:00; Th-Sa 11:00-00:00', 'addr:street': 'Horseshoe Way', 'addr:postcode': 'V7A 4V5', 'addr:unit': '103', 'email': 'beer@fuggleswarlock.com', 'addr:city': 'Richmond'}"
40,49.2785849,-123.0706042,2018-10-14T19:44:52.000-07:00,entertainment,York Theatre,"{'addr:housenumber': '639', 'website': 'http://yorktheatre.ca/', 'addr:street': 'Commercial Drive', 'addr:postcode': 'V5L 2W2', 'wikidata': 'Q38378460'}"
41,49.2701364,-123.1087347,2019-03-22T02:52:20.000-07:00,entertainment,BMO Theatre Centre,"{'addr:housenumber': '162', 'alt_name': 'Goldcorp Stage at the BMO Theatre Centre', 'website': 'https://artsclub.com/', 'addr:street': 'West 1st Avenue'}"
42,49.2249319,-123.1086853,2019-03-19T06:05:42.000-07:00,entertainment,Studio 58,"{'addr:housenumber': '100', 'website': 'https://langara.ca/studio-58/', 'phone': '+1-604-323-5227', 'name:en': 'Studio 58', 'addr:street': 'West 49th Avenue', 'operator': 'Studio 58'}"
43,49.2037107,-123.1375228,2019-09-13T13:56:59.000-07:00,entertainment,Metro Theatre,"{'addr:housenumber': '1370', 'website': 'https://metrotheatre.com/', 'phone': '+1-604-266-7191', 'addr:street': 'Southwest Marine Drive', 'addr:postcode': 'V6P 5Z9', 'wikidata': 'Q38378154', 'addr:city': 'Vancouver'}"
44,49.0298938,-122.800849,2020-01-30T20:36:08.000-08:00,entertainment,Coast Capital Playhouse,"{'addr:province': 'BC', 'addr:housenumber': '1532', 'alt_name': ""White Rock Players' Club"", 'website': 'https://www.whiterockplayers.ca/', 'phone': '+1-604-536-7535', 'addr:street': 'Johnston Road', 'addr:city': 'White Rock'}"
45,49.2911911,-123.1301625,2016-12-01T08:29:57.000-08:00,entertainment,PAL Studio Theatre,"{'addr:housenumber': '581', 'alt_name': 'Performing Art Lodges Vancouver, Performing Art Lodges Theatre', 'website': 'http://www.palstudiotheatre.com/', 'addr:street': 'Cardero Street', 'phone': '+1-604-255-4313'}"
46,49.2849397,-123.0649633,2019-09-02T22:08:26.000-07:00,entertainment,Princeton Pub,"{'opening_hours': 'Mo-Th,Su 11:00-00:00; Fr,Sa 11:00-01:00', 'addr:housenumber': '120-1901', 'website': 'http://www.princetonpub.com', 'addr:street': 'Dundas Street', 'phone': '+1-604-253-6645'}"
47,49.2841314,-123.1083829,2019-09-02T22:08:26.000-07:00,entertainment,Pourhouse,"{'diet:vegetarian': 'yes', 'addr:housenumber': '162', 'website': 'http://www.pourhousevancouver.com', 'internet_access': 'wlan', 'phone': '+1-604-568-7022', 'opening_hours': 'Mo-Th,Su 17:00-00:00; Fr,Sa 17:00-01:00', 'addr:street': 'Water Street', 'addr:postcode': 'V6B 1B2'}"
48,49.2031688,-122.908271,2016-10-02T21:55:59.000-07:00,entertainment,Judge Begbies,{'name:en': 'Judge Begbies'}
49,49.2017326,-122.9124591,2016-10-12T21:37:46.000-07:00,entertainment,Hops,"{'addr:housenumber': '48', 'name:en': 'Hops', 'addr:street': 'Eighth Street'}"
50,49.1058067,-122.6603499,2019-10-06T22:29:19.000-07:00,entertainment,Gabby's Country Cabaret,"{'name:en': ""Gabby's Country Cabaret""}"
51,49.2756868,-123.1281101,2019-09-18T23:00:49.000-07:00,entertainment,Cecil Bar,"{'addr:housenumber': '1336', 'name:en': 'Cecil Bar', 'addr:street': 'Granville Street', 'addr:city': 'Vancouver'}"
52,49.2741305,-123.1241126,2016-10-06T05:23:48.000-07:00,entertainment,Soho,"{'addr:housenumber': '1283', 'addr:street': 'Hamilton Street'}"
53,49.2753903,-123.1216407,2019-09-13T13:56:59.000-07:00,entertainment,Yaletown Distilling Company,"{'opening_hours': 'Tu-Th 12:00-17:00; Fr-Sa 12:30-20:00', 'addr:housenumber': '1128', 'name:en': 'Yaletown Distilling Company', 'addr:street': 'Hamilton Street', 'addr:city': 'Vancouver'}"
54,49.2752508,-123.1212681,2019-11-24T03:22:59.000-08:00,entertainment,The Distillery Bar,"{'addr:street': 'Mainland Street', 'addr:city': 'Vancouver'}"
55,49.103954,-122.734208,2017-02-13T22:17:57.000-08:00,entertainment,Clydesdale Coverdale,"{'addr:housenumber': '17630', 'name:en': 'Clydesdale Inn', 'addr:street': '56 Avenue'}"
56,49.2616715,-123.1007497,2012-05-29T19:57:38.000-07:00,entertainment,The Cascade,"{'addr:housenumber': '2616', 'website': 'http://thecascade.ca/', 'addr:street': 'Main Street'}"
57,49.104928,-122.658331,2013-05-10T03:47:11.000-07:00,entertainment,Baselines Pub,"{'outdoor_seating': 'yes', 'food': 'yes', 'smoking': 'outside'}"
58,49.0855287,-123.0848055,2010-06-10T23:31:20.000-07:00,entertainment,Genesis Theater,{}
59,49.2832515,-123.105379,2016-06-04T21:24:34.000-07:00,entertainment,Gringo,{}
60,49.2734049,-123.1582825,2019-07-03T23:50:39.000-07:00,entertainment,Kitsilano Showboat,{}
61,49.2665769,-123.2501701,2019-02-25T20:17:02.000-08:00,entertainment,The Pit,"{'toilets:wheelchair': 'yes', 'wheelchair': 'yes', 'addr:housenumber': '6133', 'website': 'https://www.ams.ubc.ca/foodanddrink/the-pit/', 'phone': '+1-604-822-6511', 'smoking': 'no', 'opening_hours': 'Mo,Tu,Th 11:30-23:00; We 11:30-02:00; Fr 11:30-01:00', 'addr:street': 'University Boulevard', 'layer': '-1'}"
62,49.2600139,-123.1153253,2016-06-08T19:49:13.000-07:00,entertainment,"Yuck, Yucks Comedy Club",{}
63,49.03348,-122.8007654,2017-02-14T20:25:30.000-08:00,entertainment,Rialto White Rock,{'website': 'http://www.hollywood3.ca/listings/rialto-white-rock/'}
64,49.2714968,-123.1006411,2017-08-22T06:13:26.000-07:00,entertainment,Dubh Linn Gate,"{'name:en': 'Dubh Linn Gate', 'addr:street': 'Main Street'}"
65,49.2287507,-123.0049404,2018-04-21T17:32:38.000-07:00,entertainment,Tea Plus,"{'addr:housenumber': '2122', 'name:en': 'Tea Plus'}"
66,49.2284585,-123.0049954,2017-03-22T04:32:40.000-07:00,entertainment,Bubble Waffle,"{'addr:housenumber': '2111', 'name:en': 'Bubble Waffle'}"
67,49.2288936,-123.0050917,2017-03-22T04:33:57.000-07:00,entertainment,The Juice Corner,"{'addr:housenumber': '2303', 'name:en': 'The Juice Corner'}"
68,49.2285714,-123.0049909,2017-03-22T04:32:34.000-07:00,entertainment,Paradise Juice,"{'addr:housenumber': '2117', 'name:en': 'Paradise Juice'}"
69,49.228504,-123.0051068,2017-03-22T04:32:43.000-07:00,entertainment,Cherry Tea & Icy Bar,"{'addr:housenumber': '2123', 'name:en': 'Cherry Tea & Icy Bar'}"
70,49.2287034,-123.0044511,2017-03-22T04:34:33.000-07:00,entertainment,Ginseng Spirit,"{'addr:housenumber': '2805', 'name:en': 'Ginseng Spirit'}"
71,49.2289043,-123.0052233,2017-03-22T04:34:00.000-07:00,entertainment,Shiny Tea,"{'addr:housenumber': '2211', 'name:en': 'Shiny Tea'}"
72,49.1862792,-122.9565359,2017-03-19T05:56:11.000-07:00,entertainment,Red Bar,{'name:en': 'Red Bar'}
73,49.2192031,-122.9697432,2017-03-19T05:57:23.000-07:00,entertainment,Hookan Lounge,{'name:en': 'Hookan Lounge'}
74,49.1860857,-122.8479254,2019-06-25T02:51:54.000-07:00,entertainment,Big Orange,{'name:en': 'Big Orange'}
75,49.2186352,-122.9554239,2017-03-20T15:56:12.000-07:00,entertainment,Menchies Frozen Yoghurt,{'name:en': 'Menchies Frozen Yoghurt'}
76,49.1898769,-122.8034853,2017-03-21T05:02:56.000-07:00,entertainment,Jugo Juice,{'name:en': 'Jugo Juice'}
77,49.1896519,-122.8034639,2017-03-21T05:05:33.000-07:00,entertainment,Yogen Fruz,{'name:en': 'Yogen Fruz'}
78,49.2898003,-123.1168924,2019-11-11T23:55:54.000-08:00,entertainment,Tap & Barrel,"{'website': 'http://tapandbarrel.com', 'payment:credit_cards': 'yes', 'diet:gluten_free': 'yes', 'addr:postcode': 'V6C 0C3', 'addr:unit': '76', 'addr:city': 'Vancouver', 'addr:housenumber': '1055', 'phone': '+1-604-235-9827', 'smoking': 'no', 'brewery': 'yes', 'outdoor_seating': 'yes', 'addr:street': 'Canada Place', 'payment:debit_cards': 'yes', 'email': 'convention@tapandbarrel.com'}"
79,49.1812101,-123.1370111,2019-09-13T13:57:03.000-07:00,entertainment,Millennium Karaoke,"{'addr:housenumber': '201-4451', 'addr:street': 'No. 3 Road', 'addr:city': 'Richmond'}"
80,49.2790349,-123.1235947,2017-09-15T20:53:37.000-07:00,entertainment,Johnnie Fox's,{'cuisine': 'irish'}
81,49.2023823,-122.9089811,2016-11-27T21:27:22.000-08:00,entertainment,Paramount Gentlemen's Club,"{'addr:housenumber': '652', 'website': 'http://www.paramountgirls.com/', 'phone': '+1-604-526-8675', 'smoking': 'no', 'opening_hours': 'Tu-Th 18:00-02:00; Fr-Sa 18:00-03:00; Su 20:00-02:00', 'addr:street': 'Columbia Street'}"
82,49.2787749,-123.1146836,2019-09-13T13:57:00.000-07:00,entertainment,The Post at 750,"{'addr:housenumber': '110-750', 'website': 'http://thepostat750.ca/', 'phone': '+1-604-674-8110', 'addr:street': 'Hamilton Street', 'addr:postcode': 'V6B 2R5', 'addr:city': 'Vancouver'}"
83,49.1970272,-123.1768478,2017-02-21T16:01:40.000-08:00,entertainment,Plaza Premium Lounge,{'name:en': 'Plaza Premium Lounge'}
84,49.3172364,-123.1082535,2019-09-13T13:57:03.000-07:00,entertainment,Pemberton Station Neighbourhood Pub,"{'addr:housenumber': '135', 'addr:street': 'Pemberton Avenue', 'addr:city': 'North Vancouver'}"
85,49.1947944,-123.1820219,2016-12-19T18:24:22.000-08:00,entertainment,Maple Leaf Lounge,"{'opening_hours': 'Mo-Su 05:00-23:30', 'name:fr': ""Salon feuille d'érable"", 'name:en': 'Maple Leaf Lounge'}"
86,49.1944125,-123.18181680000001,2019-06-22T22:48:02.000-07:00,entertainment,Plaza Premium Lounge,"{'opening_hours:signed': 'no', 'name:en': 'Plaza Premium Lounge'}"
87,49.19556,-123.1832043,2016-12-19T19:12:21.000-08:00,entertainment,Monk's Grill,"{'name:en': ""Monk's Grill""}"
88,49.2837396,-123.1184966,2016-04-06T00:13:12.000-07:00,entertainment,Prohibition,{}
89,49.3100753,-123.0825195,2018-10-26T20:30:55.000-07:00,entertainment,Green Leaf Brewing,"{'addr:housenumber': '123', 'website': 'http://www.greenleafbrew.com/', 'shop': 'alcohol', 'phone': '+1-604-984-8409', 'opening_hours': 'Mo-Th 11:00-22:00; Fr-Sa 11:00-23:00; Su 11:00-21:00', 'outdoor_seating': 'yes', 'addr:street': 'Carrie Cates Court', 'addr:postcode': 'V7M 3K7', 'addr:unit': '108', 'addr:city': 'North Vancouver'}"
90,49.2374083,-122.8703331,2013-07-29T17:57:20.000-07:00,entertainment,Woody's on Brunette,"{'addr:housenumber': '935', 'addr:street': 'Brunette Avenue', 'addr:postcode': 'V3K 1C8'}"
91,49.3742609,-123.2735244,2017-05-02T01:07:17.000-07:00,entertainment,Troller Ale House,{}
92,49.2468517,-123.1009139,2017-05-29T19:55:55.000-07:00,entertainment,The Shameful Tiki,{'name:en': 'The Shameful Tiki'}
93,49.2799921,-123.1197031,2020-03-08T23:06:19.000-07:00,entertainment,Hollywood North,"{'addr:province': 'BC', 'addr:street': 'Seymour Street', 'addr:city': 'Vancouver'}"
94,49.2803131,-123.1216797,2019-07-23T23:08:00.000-07:00,entertainment,Cinema Public House,{'outdoor_seating': 'yes'}
95,49.2801451,-123.1313539,2019-09-13T13:56:58.000-07:00,entertainment,Playhouse Nightclub,"{'addr:housenumber': '1240', 'addr:street': 'Thurlow Street', 'addr:city': 'Vancouver'}"
96,49.2793851,-123.1299155,2019-09-13T13:56:58.000-07:00,entertainment,Celebrities,"{'addr:housenumber': '1022', 'addr:street': 'Davie Street', 'addr:city': 'Vancouver'}"
97,49.2829389,-123.115118,2019-09-18T23:00:49.000-07:00,entertainment,Railway Club,"{'addr:housenumber': '579', 'website': 'http://www.therailwayclub.com', 'addr:street': 'Dunsmuir Street', 'disused': 'yes', 'addr:city': 'Vancouver'}"
98,49.2098186,-123.1157123,2019-02-20T02:36:04.000-08:00,entertainment,Cineplex Cinemas Marine Gateway and VIP,"{'addr:housenumber': '452', 'website': 'https://www.cineplex.com/Theatre/cineplex-cinemas-marine-gateway-and-vip', 'phone': '+1-604-630-0414', 'addr:street': 'South West Marine Drive', 'is_in:city': 'Vancouver', 'addr:postcode': 'V5X 0C3', 'operator': 'Cineplex'}"
99,49.0488705,-122.2894714,2018-10-29T13:29:16.000-07:00,entertainment,The Polly Fox,"{'addr:housenumber': '33780', 'alt_name': 'The Polly Fox Bakery & Bistro', 'website': 'http://www.thepollyfox.com', 'shop': 'bakery', 'amenity:cafe': 'yes', 'addr:street': 'Essendene Avenue', 'entrance': 'yes', 'addr:postcode': 'V2S 2H2', 'addr:unit': '130'}"
100,49.0466407,-122.3687569,2016-12-24T17:13:22.000-08:00,entertainment,Red21,"{'opening_hours': '10:00-23:00', 'description': 'Gaming Tap + Grill', 'website': 'http://www.playtimegaming.ca/abbotsford-dining'}"
101,49.2759064,-123.1278016,2017-07-01T23:58:29.000-07:00,entertainment,Yale Hotel,{'name:en': 'Yale Hotel'}
102,49.2265781,-123.000636,2018-04-21T18:41:25.000-07:00,entertainment,Yogen Fruz,"{'level': '0', 'name:en': 'Yogen Fruz'}"
103,49.2813339,-123.0454428,2019-09-13T13:56:58.000-07:00,entertainment,PressBox Pub,"{'diet:vegetarian': 'yes', 'addr:housenumber': '2889', 'addr:street': 'East Hastings Street', 'addr:postcode': 'V5K 5C5', 'addr:city': 'Vancouver'}"
104,49.2769121,-123.0805868,2018-10-26T20:30:57.000-07:00,entertainment,Luppolo Tasting Room,"{'addr:housenumber': '1123', 'shop': 'alcohol', 'phone': '+1-604-255-4997', 'opening_hours': 'Su 12:00-22:00; Mo-Tu 15:00-22:00; We-Th 15:00-23:00; Fr 11:30-00:00; Sa 12:00-00:00', 'outdoor_seating': 'no', 'addr:street': 'Venables Street', 'addr:postcode': 'V6A 2C3', 'email': 'info@luppolobrewing.ca', 'addr:city': 'Vancouver'}"
105,49.1969254,-123.1770082,2018-06-11T19:38:42.000-07:00,entertainment,Plaza Premium Lounge,"{'opening_hours': 'Mo-Su 04:30-20:00', 'name:en': 'Plaza Premium Lounge'}"
106,49.279512,-123.1204403,2019-07-17T18:32:17.000-07:00,entertainment,Uva,"{'opening_hours': 'Mo-Su 14:00-00:00', 'addr:housenumber': '900', 'website': 'http://www.uvavancouver.com', 'addr:street': 'Seymour St', 'phone': '+1-604-632-9560'}"
107,49.267356,-123.1110469,2018-10-26T20:30:54.000-07:00,entertainment,Big Rock Urban Eatery,"{'opening_hours': 'Mo-We 11:00-22:00; Th-Fr 11:00-23:00; Sa 12:00-23:00; Su 12:00-22:00', 'website': 'https://bigrockbeer.com/big-rock-urban/big-rock-urban-overview/', 'outdoor_seating': 'no', 'phone': '+1-604-708-8311', 'email': 'info.BRU@bigrockbeer.com'}"
108,49.2767582,-123.1201461,2019-09-13T13:57:02.000-07:00,entertainment,Fayuca,"{'addr:housenumber': '1011', 'name:en': 'Fayuca', 'addr:street': 'Hamilton Street', 'addr:city': 'Vancouver'}"
109,49.219935,-122.6498708,2019-09-13T13:57:02.000-07:00,entertainment,Shooter's Tap House,"{'addr:housenumber': '20644', 'addr:street': 'Dewdney Trunk Road', 'addr:city': 'Maple Ridge'}"
110,49.2835624,-123.1038811,2019-03-22T02:53:48.000-07:00,entertainment,The Portside Pub,"{'addr:housenumber': '7', 'website': 'https://theportsidepub.com/', 'phone': '+1-604-559-6333', 'opening_hours': 'Mo-Th 17:00-02:00; Fr 16:30-03:00; Sa 17:00-03:00; Su 20:00-02:00', 'addr:street': 'Alexander Street', 'addr:postcode': 'V6A 1E9'}"
111,49.2717552,-123.1060666,2018-06-20T15:12:34.000-07:00,entertainment,Tap & Barrel,"{'addr:housenumber': '1', 'website': 'http://tapandbarrel.com', 'phone': '+1-604-685-2223', 'level': '0', 'outdoor_seating': 'yes', 'addr:street': 'Athletes Way', 'addr:postcode': 'V5Y 0B1', 'email': 'village@tapandbarrel.com', 'addr:city': 'Vancouver'}"
112,49.2251023,-122.997148,2019-07-05T05:09:00.000-07:00,entertainment,Firefighters' Public House,"{'delivery': 'yes', 'website': 'http://www.firefightersclub.com', 'internet_access': 'wlan', 'internet_access:fee': 'no', 'cuisine': 'american', 'addr:postcode': 'V5H 3E8', 'takeaway': 'yes', 'diet:vegetarian': 'yes', 'addr:housenumber': '6515', 'phone': '+1-604-437-1118', 'smoking': 'no', 'opening_hours': 'Mo-We 11:30-22:00; Th-Sa 11:30-22:30; Su 09:00-21:00', 'outdoor_seating': 'yes', 'addr:street': 'Bonsor Avenue'}"
113,49.2231427,-122.9815705,2019-07-04T05:52:54.000-07:00,entertainment,Great Bear Pub,"{'addr:housenumber': '5665', 'website': 'http://www.greatbearpub.com', 'internet_access': 'wlan', 'internet_access:fee': 'no', 'addr:street': 'Kingsway', 'addr:postcode': 'V5H 2G4'}"
114,49.1236207,-123.1834451,2018-09-24T02:13:58.000-07:00,entertainment,Catch Kitchen + Bar,{'cuisine': 'vegan;fish;burger;regional;grill;seafood;pasta;noodles;fish_and_chips;chicken;barbecue'}
115,49.222099299999996,-122.9817263,2019-09-13T13:57:04.000-07:00,entertainment,Gal Chae Karaoke,"{'addr:housenumber': '5679', 'addr:street': 'Imperial Street', 'addr:city': 'Burnaby'}"
116,49.2790584,-123.1230287,2015-09-09T04:42:41.000-07:00,entertainment,The Belmont,{'website': 'http://belmontbar.com'}
117,49.2772912,-123.1257259,2019-10-28T15:41:35.000-07:00,entertainment,Aura,"{'addr:housenumber': '1180', 'website': 'https://auravancouver.ca/', 'phone': '+1-604-688-8889', 'smoking': 'no', 'opening_hours': 'Fr-Su 22:00-03:00', 'addr:street': 'Granville Street', 'addr:postcode': 'V6Z 1L8', 'addr:city': 'Vancouver'}"
118,49.2725892,-123.1487921,2015-09-14T00:29:26.000-07:00,entertainment,Corduroy,{'addr:street': 'Cornwall Avenue'}
119,49.2848692,-123.1109875,2019-11-25T23:07:41.000-08:00,entertainment,Steamworks,"{'website': 'http://steamworks.com/brew-pub', 'microbrewery': 'yes', 'shop': 'alcohol', 'addr:postcode': 'V6B 1B8', 'addr:city': 'Vancouver', 'addr:housenumber': '375', 'phone': '+1-604-689-2739', 'smoking': 'no', 'opening_hours': 'Mo-Th,Su 11:30-12:00; Fr,Sa 11:30-01:00', 'outdoor_seating': 'yes', 'addr:street': 'Water Street', 'email': 'info@steamworks.com'}"
120,49.272446,-123.1553117,2012-07-23T05:20:58.000-07:00,entertainment,Local Public Eatery,{}
121,49.2716021,-123.155352,2019-06-08T22:13:06.000-07:00,entertainment,The Ellis,"{'opening_hours': 'Tu-Th 15:00-23:00; Fr 15:00-24:00, Sa,Su 10:00-24:00', 'addr:housenumber': '2204', 'addr:street': 'York Avenue'}"
122,49.2805575,-123.1207988,2019-11-22T19:58:24.000-08:00,entertainment,Bottleneck,"{'addr:housenumber': '870', 'addr:street': 'Granville Street', 'addr:city': 'Vancouver'}"
123,49.3069372,-122.9537426,2019-05-29T10:13:32.000-07:00,entertainment,Fruition Day Spa,{}
124,49.0294267,-122.8019172,2019-07-17T21:24:14.000-07:00,entertainment,White Rock Beach Beer,"{'addr:housenumber': '15183', 'website': 'http://www.whiterockbeachbeer.com', 'microbrewery': 'yes', 'shop': 'alcohol', 'phone': '+1-604-319-4378', 'opening_hours': 'Mo-Th 16:00-20:00; Fr 15:00-21:00; Sa 12:00-20:00; Su 12:00-17:00', 'addr:street': 'Russell Street'}"
125,49.1122996,-122.7301013,2019-04-23T13:50:47.000-07:00,entertainment,Canadian Lounge,"{'level': '1', 'indoor': 'yes'}"
126,49.1682974,-122.5796899,2016-11-03T18:55:21.000-07:00,entertainment,Su Casa Spa,{}
127,49.2782909,-123.1241919,2019-07-17T21:24:14.000-07:00,entertainment,Donnelan's,"{'addr:housenumber': '1082', 'website': 'https://www.donnellansirishpub.com/', 'phone': '+1-604-564-4277', 'opening_hours': 'Mo-Th 11:00-02:00; Fr 10:00-03:00; Sa 09:00-03:00', 'cuisine': 'irish', 'addr:street': 'Granville St', 'email': 'Info@donnellansirishpub.com'}"
128,49.1711728,-122.577262,2017-06-10T22:38:26.000-07:00,entertainment,Fort Pub & Grill,{}
129,49.2824055,-123.1111441,2019-05-22T21:16:27.000-07:00,entertainment,The Magnet,"{'opening_hours': 'Mo-Th 16:00-23:30; Fr-Su 15:00-23:30', 'addr:housenumber': '309', 'website': 'https://themagnet.ca/', 'addr:street': 'West Pender Street', 'email': 'info@themagnet.ca'}"
130,49.2885782,-123.1426441,2015-09-08T03:29:42.000-07:00,entertainment,Sylvia's Bar,{}
131,49.26404,-123.174703,2012-04-19T07:51:49.000-07:00,entertainment,Fringe,"{'addr:housenumber': '3126', 'addr:street': 'West Broadway', 'addr:city': 'Vancouver'}"
132,49.2639931,-123.1718054,2012-04-19T07:55:18.000-07:00,entertainment,Footworks Relaxology,{}
133,49.2639533,-123.1696182,2012-04-19T08:10:02.000-07:00,entertainment,Yagger's Kits,{}
134,49.2802411,-123.1250614,2018-03-23T00:03:31.000-07:00,entertainment,Relish,{'website': 'http://relishthepub.com'}
135,49.2800328,-123.1146849,2019-09-13T13:56:58.000-07:00,entertainment,Library Square Public House,"{'smoking': 'no', 'addr:city': 'Vancouver'}"
136,49.2590227,-123.1008347,2019-09-03T16:39:34.000-07:00,entertainment,Colony,"{'addr:housenumber': '2904', 'addr:street': 'Main street', 'addr:city': 'Vancouver'}"
137,49.270944,-123.1552107,2016-11-10T06:30:00.000-08:00,entertainment,Chewies,{'addr:housenumber': '2201'}
138,49.2640449,-123.1567706,2016-11-16T20:34:48.000-08:00,entertainment,The Regal Beagle,{}
139,49.2688201,-123.0967506,2018-10-26T20:30:54.000-07:00,entertainment,Truck Stop Diner,"{'website': 'https://www.redtruckbeer.com/truck-stop/', 'phone': '+1-604-682-4733', 'email': 'info@redtruckbeer.com'}"
140,49.2828822,-123.1037866,2015-08-21T06:09:21.000-07:00,entertainment,Shebeen Whiskey House,{'addr:street': 'Carrall Street'}
141,49.2828919,-123.1040897,2018-10-26T20:30:25.000-07:00,entertainment,Irish Heather,"{'cuisine': 'irish', 'website': 'http://www.irishheather.com', 'phone': '+1-604-688-9779', 'addr:postcode': 'V6B 2J1'}"
142,49.2785234,-123.1238494,2019-09-18T23:00:49.000-07:00,entertainment,Encore,"{'addr:housenumber': '1058', 'addr:street': 'Granville Street', 'addr:city': 'Vancouver'}"
143,49.283201,-123.1123664,2015-10-17T02:28:54.000-07:00,entertainment,Yagger's,"{'addr:housenumber': '433', 'addr:street': 'West Pender Street'}"
144,49.2694368,-123.103525,2020-02-16T02:50:52.000-08:00,entertainment,Brewhall,"{'opening_hours': '11:00+', 'website': 'http://brewhall.com', 'phone': '+1-604-709-8623', 'smoking': 'no', 'addr:city': 'Vancouver'}"
145,49.2812723,-123.1077237,2018-05-19T05:05:21.000-07:00,entertainment,The Pint,"{'opening_hours': 'Mo-Su 11:00-02:00', 'addr:housenumber': '455', 'website': 'http://www.thepint.ca/vancouver/', 'addr:street': 'Abbott Street', 'addr:city': 'Vancouver'}"
146,49.3253576,-123.1381996,2019-04-29T02:08:26.000-07:00,entertainment,Cineplex Cinemas & VIP,"{'brand:wikidata': 'Q2972807', 'wheelchair': 'yes', 'alt_name': 'Cineplex VIP cinemas', 'website': 'https://www.cineplex.com', 'level': '2', 'brand:wikipedia': 'en:Cineplex Entertainment', 'indoor': 'yes', 'brand': 'Cineplex', 'layer': '2'}"
147,49.2826091,-123.1057991,2019-04-30T04:00:53.000-07:00,entertainment,The Bourbon,"{'addr:housenumber': '50', 'addr:street': 'West Cordova Street', 'addr:city': 'Vancouver'}"
148,49.1495495,-122.8908817,2020-06-07T04:33:34.000-07:00,entertainment,One20 Public House,"{'addr:province': 'BC', 'addr:housenumber': '8037', 'outdoor_seating': 'yes', 'addr:street': 'Scott Road', 'addr:city': 'Delta'}"
149,49.2851463,-123.1184912,2020-03-11T04:43:09.000-07:00,entertainment,Blackbird,"{'addr:province': 'BC', 'opening_hours': 'Fr 11:30-02:00, Mo-Th 11:30-01:00, Sa 16:00-02:00', 'addr:housenumber': '905', 'addr:street': 'Dunsmuir Street', 'addr:city': 'Vancouver'}"
150,49.2728332,-123.069737,2015-10-04T02:59:29.000-07:00,entertainment,Storm Crow Tavern,"{'addr:housenumber': '1305', 'addr:street': 'Commercial Drive'}"
151,49.3234334,-123.1024615,2018-10-26T20:30:56.000-07:00,entertainment,Hearthstone Tap & Forno,"{'addr:housenumber': '1015', 'website': 'http://www.hearthstonebrewery.ca/tap-and-forno', 'shop': 'alcohol', 'phone': '+1-604-984-1842', 'opening_hours': 'Su-We 11:00-22:00; Th-Sa 11:00-00:00', 'addr:street': 'Marine Drive', 'addr:postcode': 'V7P 1S6', 'email': 'info@hearthstonebrewery.ca'}"
152,49.0470506,-122.2691498,2018-06-20T15:11:23.000-07:00,entertainment,Sneakers Sports Lounge,"{'website': 'https://m.facebook.com/pages/Sneakers-Sports-Lounge/158802224176304', 'entrance': 'yes', 'phone': '+1-604-854-3911'}"
153,49.2902748,-123.1317492,2019-07-14T20:18:48.000-07:00,entertainment,Red Accordion,"{'addr:housenumber': '1616', 'website': 'https://www.theredaccordion.com/', 'addr:street': 'Alberni Street', 'phone': '+1-604-428-6464', 'email': 'info@theredaccordion.com'}"
154,49.2768995,-123.1268568,2019-09-18T23:00:49.000-07:00,entertainment,The Morrissey,"{'opening_hours': 'Su-Th 11:00-02:00; Fr-Sa 11:00-03:00', 'addr:housenumber': '1227', 'addr:street': 'Granville Street', 'addr:city': 'Vancouver'}"
155,49.2855675,-123.1165611,2019-10-09T17:48:23.000-07:00,entertainment,Moose's Down Under,"{'opening_hours': 'Mo,Tu 07:00-21:00; We,Th 07:00-22:00; Fr 07:00-23:00; Sa 17:00-23:00', 'cuisine': 'burger', 'addr:housenumber': '830', 'addr:street': 'West Pender Street'}"
156,49.2814237,-123.1330616,2017-04-14T16:31:11.000-07:00,entertainment,The Capital,"{'opening_hours': 'Mo-Th 11:00-01:00; Fr 11:00-02:00; Sa 10:00-02:00; Su 10:00-01:00', 'addr:housenumber': '1178', 'addr:street': 'Davie Street'}"
157,49.2804768,-123.1316113,2016-07-16T03:18:10.000-07:00,entertainment,Vista Digital,"{'addr:housenumber': '1104', 'addr:street': 'Davie Street'}"
158,49.2506841,-123.1012022,2019-12-15T22:09:29.000-08:00,entertainment,Portland Craft,{'name:en': 'Portland Craft'}
159,49.2702595,-123.1340523,2018-10-25T14:21:05.000-07:00,entertainment,Off the tracks bar & bistro,"{'addr:housenumber': '1363', 'website': 'http://trackbistro.ca', 'internet_access': 'wlan', 'phone': '+1-604-689-8700', 'opening_hours': 'Mo-Su 08:30-18:00', 'cuisine': 'sandwich;breakfast;cake;local;coffee_shop', 'addr:street': 'Railspur Alley', 'addr:postcode': 'V6H 4G9'}"
160,49.2837114,-123.106243,2017-09-21T21:19:37.000-07:00,entertainment,The Lamplighter Public House,"{'addr:housename': '92', 'addr:street': 'Water Streer', 'operator': 'Donnelly Group', 'addr:city': 'Vancouver'}"
161,49.278541,-122.8484018,2019-09-13T13:56:58.000-07:00,entertainment,Twin Sails Brewery,"{'addr:housenumber': '2821', 'website': 'https://twinsailsbrewing.com/', 'microbrewery': 'yes', 'shop': 'alcohol', 'brewery': 'yes', 'outdoor_seating': 'yes', 'addr:street': 'Murray Street', 'addr:postcode': 'V3H 1X3', 'email': 'info@twinsailsbrewing.com', 'addr:city': 'Port Moody'}"
162,49.2869412,-123.1148363,2019-09-13T13:56:58.000-07:00,entertainment,Lions Pub,"{'addr:housenumber': '888', 'website': 'http://www.lionspub.ca', 'phone': '+1-604-488-8602', 'opening_hours': 'Mo-Tu 11:00-23:00; We-Sa 11:00-00:00; Su 12:00-22:00', 'addr:street': 'West Cordova Street', 'addr:city': 'Vancouver'}"
163,49.2248844,-122.8926368,2019-03-17T02:32:44.000-07:00,entertainment,Browns Socialhouse,"{'internet_access': 'wlan', 'website': 'https://www.brownsrestaurantgroup.com/brownssocialhouse/category/locations/bc-lower-mainland/brewery-district-new-west/'}"
164,49.2644843,-123.1854326,2018-06-20T15:13:08.000-07:00,entertainment,Royal Canadian Legion - Branch 142 (West Point Grey),"{'addr:housenumber': '3679', 'addr:street': 'West Broadway', 'phone': '+1-604-738-1120'}"
165,49.2724109,-123.0270159,2018-06-20T15:13:08.000-07:00,entertainment,Royal Canadian Legion - Branch 44 (Vancouver Tuberculous Veterans’ Section),"{'addr:housenumber': '1410', 'addr:street': 'Kootenay Street', 'phone': '+1-604-874-8510'}"
166,49.2660701,-123.1510922,2018-06-20T15:13:08.000-07:00,entertainment,Royal Canadian Legion - Branch 178 (Shalom),"{'addr:housenumber': '2020', 'addr:street': 'West 6th Avenue', 'phone': '+1-604-737-1033'}"
167,49.2616583,-123.1012917,2018-06-20T15:13:09.000-07:00,entertainment,Royal Canadian Legion - Branch 177 (Mount Pleasant),{'phone': '+1-604-879-3551'}
168,49.0364841,-123.0699259,2020-01-10T03:06:06.000-08:00,entertainment,Royal Canadian Legion Hall,"{'brand:wikidata': 'Q3270231', 'official_name': 'Royal Canadian Legion - Branch 289 (Tsawwassen)', 'note': 'Position approximate', 'addr:housenumber': '1835', 'phone': '+1-604-943-0232', 'brand:wikipedia': 'en:Royal Canadian Legion', 'short_name': 'RCL', 'addr:street': '56th Street', 'brand': 'Royal Canadian Legion', 'addr:unit': '22'}"
169,49.2236814,-122.9879568,2019-09-18T05:09:23.000-07:00,entertainment,Royal Canadian Legion - Branch 83 (South Burnaby),"{'addr:housenumber': '5289', 'addr:street': 'Grimmer Street', 'phone': '+1-604-568-2911'}"
170,49.1054288,-122.6525635,2018-06-20T15:13:09.000-07:00,entertainment,Royal Canadian Legion - Branch 21 (Langley),"{'addr:housenumber': '20604', 'addr:street': 'Logan Avenue', 'phone': '+1-604-534-3615'}"
171,49.2543533,-123.1149873,2015-08-13T02:06:57.000-07:00,entertainment,Kino Cafe Flamenco Tapas Bar,"{'addr:housenumber': '3456', 'website': 'http://www.kinocafe.ca/', 'addr:street': 'Cambie Street', 'source': 'local_knowledge'}"
172,49.2544714,-123.1149885,2019-09-13T13:56:58.000-07:00,entertainment,The Park Theatre,"{'addr:housenumber': '3440', 'website': 'https://www.cineplex.com/Theatre/the-park-theatre', 'phone': '+1-604-709-3456', 'addr:street': 'Cambie St.', 'source': 'local_knowledge', 'addr:postcode': 'V5Z 2W8', 'wikidata': 'Q17111702', 'operator': 'Cineplex', 'addr:city': 'Vancouver'}"
173,49.2558057,-123.1153793,2019-07-17T21:24:14.000-07:00,entertainment,Biercraft,"{'addr:housenumber': '3305', 'website': 'http://biercraft.com/cambie/', 'phone': '+1-604-874-6900', 'opening_hours': 'Mo-Th 11:30-00:00; Fr 11:30-01:00; Sa 10:00-01:00; Su 10:00-00:00', 'addr:street': 'Cambie Street', 'addr:postcode': 'V5Z 2W6'}"
174,49.3056675,-123.0347732,2019-09-02T22:08:29.000-07:00,entertainment,Wildeye Tasting Room,"{'opening_hours': 'Mo-Th,Su 11:00-23:00; Fr,Sa 11:00-00:00', 'website': 'http://wildeyebrewing.ca', 'phone': '+1-604-988-1900'}"
175,49.1242908,-123.1839261,2019-07-06T18:02:24.000-07:00,entertainment,Britannia Steveston,"{'addr:housenumber': '250', 'website': 'http://www.britanniasteveston.ca', 'microbrewery': 'yes', 'addr:street': 'Bayview Street'}"
176,49.1362084,-123.0271058,2019-06-29T20:19:30.000-07:00,entertainment,Four Winds Tasting Room,"{'addr:housenumber': '7355', 'website': 'http://fourwindsbrewing.ca/tasting-room/', 'shop': 'alcohol', 'phone': '+1-604-940-9949', 'opening_hours': 'Mo-Su 11:00-19:00', 'addr:street': '72 Street', 'addr:unit': '4'}"
177,49.1185688,-122.6651089,2019-09-02T22:08:29.000-07:00,entertainment,Trading Post Brewery and Tasting Room,"{'addr:housenumber': '20120', 'website': 'https://tradingpostbrewing.com/locations/brewery-and-tasting-room/', 'product': 'beer', 'shop': 'alcohol', 'phone': '+1-604-343-2337', 'opening_hours': 'Mo,Tu,Su 12:00-21:00; We 12:00-22:00; Th-Sa 12:00-23:00', 'craft': 'brewery', 'outdoor_seating': 'yes', 'addr:street': '64 Avenue', 'addr:unit': '107'}"
178,49.1162645,-122.6634679,2019-09-02T22:08:29.000-07:00,entertainment,Five Roads Brewing,"{'addr:housenumber': '6263', 'website': 'https://www.fiveroadsbrewing.com', 'product': 'beer', 'shop': 'alcohol', 'phone': '+1-604-539-6754', 'opening_hours': 'Mo-We,Su 12:00-21:00; Th-Sa 12:00-23:00', 'craft': 'brewery', 'addr:street': '202 Street', 'addr:unit': '1'}"
179,49.0474734,-122.360602,2019-09-02T22:08:29.000-07:00,entertainment,Ravens Tasting Room,"{'opening_hours': 'Tu-Th 14:00-21:00; Fr,Sa 12:00-21:00; Su 12:00-18:00', 'website': 'https://www.ravens.beer', 'shop': 'alcohol', 'phone': '+1-604-758-1557', 'email': 'info@ravensbrewing.com'}"
180,49.0316321,-122.8008429,2017-06-10T12:32:51.000-07:00,entertainment,Sawbuck's Neighbourhood Pub,{'website': 'http://www.sawbuckspub.com'}
181,49.2455783,-123.1854475,2019-09-13T13:57:03.000-07:00,entertainment,Dunbar Theatre,"{'addr:housenumber': '4555', 'addr:street': 'Dunbar Street', 'wikidata': 'Q38377943', 'addr:city': 'Vancouver'}"
182,49.1686753,-122.5799329,2019-10-27T22:07:33.000-07:00,entertainment,Trading Post Eatery,"{'addr:housenumber': '9143', 'website': 'https://tradingpostbrewing.com/locations/taphouse-and-eatery/', 'microbrewery': 'yes', 'opening_hours': 'Mo-Th 11:30-22:00; Fr 11:30-23:00; Sa 10:30-23:00; Su 10:30-22:00', 'addr:street': 'Glover Road', 'addr:postcode': 'V1M 0E8', 'addr:city': 'Township of Langley'}"
183,49.2784275,-123.1225756,2019-12-08T21:03:48.000-08:00,entertainment,The Penthouse,"{'opening_hours:signed': 'no', 'addr:housenumber': '1019', 'outdoor_seating': 'no', 'addr:street': 'Seymour Street', 'start_date': '1947', 'addr:city': 'Vancouver'}"
184,49.2770164,-123.1248993,2019-09-23T15:35:32.000-07:00,entertainment,Vancouver International Film Centre,"{'addr:housenumber': '1181', 'alt_name': 'Vancity Theatre', 'phone': '+1-604-683-3456', 'screen': '1', 'addr:street': 'Seymour Street', 'addr:postcode': 'V6B 3M7', 'email': 'info@viff.org', 'addr:city': 'Vancouver'}"
185,49.2822628,-123.1337681,2020-03-14T19:34:44.000-07:00,entertainment,Guu Davie,"{'addr:province': 'BC', 'addr:housenumber': '1239', 'smoking': 'no', 'cuisine': 'japanese', 'addr:street': 'Davie Street', 'addr:city': 'Vancouver'}"
186,49.2823322,-123.1345615,2013-05-26T17:40:58.000-07:00,entertainment,Score,"{'addr:housenumber': '1262', 'website': 'http://scoreondavie.com/', 'addr:street': 'Davie Street', 'source': 'survey', 'food': 'yes', 'start_date': '2007'}"
187,49.2805916,-123.1207429,2019-11-22T19:58:24.000-08:00,entertainment,Commodore Ballroom,"{'website': 'http://www.commodoreballroom.ca/', 'source': 'website', 'addr:postcode': 'V6Z 1K3', 'addr:city': 'Vancouver', 'capacity': '990', 'addr:housenumber': '868', 'old_name': 'Commodore Cabaret', 'phone': '+1-604-739-4550', 'addr:street': 'Granville Street', 'wikipedia': 'en:Commodore Ballroom', 'wikidata': 'Q5153212', 'leisure': 'music_venue', 'start_date': '1929'}"
188,49.2812416,-123.0858949,2019-03-30T23:00:14.000-07:00,entertainment,Red Gate Collective,"{'addr:housenumber': '855', 'addr:street': 'East Hastings Street'}"
189,49.2707953,-123.0697877,2019-04-01T23:00:16.000-07:00,entertainment,The Dime,"{'addr:housenumber': '1565', 'addr:street': 'Commercial Street'}"
190,49.2571036,-123.1008894,2019-09-03T16:36:57.000-07:00,entertainment,Five Point,"{'opening_hours': 'Mo-Su 11:30-01:00', 'addr:housenumber': '3124', 'addr:street': 'Main Street', 'phone': '+1-604-876-5810'}"
191,49.2750615,-123.0996424,2015-10-04T03:58:10.000-07:00,entertainment,The Ivanhoe,"{'addr:housenumber': '1038', 'addr:street': 'Main Street'}"
192,49.1327142,-122.3199168,2019-05-10T04:42:43.000-07:00,entertainment,Browns Socialhouse,{}
193,49.278388,-123.099578,2011-07-25T02:00:29.000-07:00,entertainment,London Pub,"{'addr:housenumber': '700', 'addr:street': 'Main Street'}"
194,49.2774219,-122.8097447,2018-10-26T20:30:54.000-07:00,entertainment,Mariner Tasting Room,"{'website': 'https://www.marinerbrewing.ca', 'shop': 'alcohol', 'internet_access': 'wlan', 'phone': '+1-604-467-4160', 'opening_hours': 'Mo-Th 14:00-22:00; Fr 14:00-23:00; Sa 12:00-23:00; Su 12:00-21:00', 'email': 'info@marinerbrewing.ca'}"
195,49.3161036,-123.0202569,2017-11-06T03:56:13.000-08:00,entertainment,Blueshore Financial Centre for the Performing Arts,{}
196,49.2832215,-123.1206763,2017-10-04T18:42:02.000-07:00,entertainment,Edward VII,{}
197,49.2655902,-123.1003893,2019-03-22T02:52:38.000-07:00,entertainment,The Whip,"{'addr:housenumber': '209', 'website': 'https://www.thewhiprestaurant.com/', 'outdoor_seating': 'yes', 'addr:street': 'East 6th Avenue'}"
198,49.1703636,-123.1448324,2019-09-13T13:56:58.000-07:00,entertainment,Ceili's Modern Irish Pub,"{'addr:housenumber': '7331', 'website': 'http://www.ceilis.com/', 'phone': '+1-604-270-2266', 'addr:street': 'Westminster Highway', 'addr:postcode': 'V6X 3V9', 'addr:city': 'Richmond'}"
199,49.2802664,-123.1097483,2018-06-20T15:11:20.000-07:00,entertainment,Devil's Elbow,"{'opening_hours': 'Mo-Su 11:30-00:00', 'addr:housenumber': '562', 'addr:street': 'Beatty Street', 'phone': '+1-604-559-0611', 'addr:city': 'Vancouver'}"
200,49.2695808,-123.1332986,2018-05-27T18:05:19.000-07:00,entertainment,Arts Umbrella,"{'addr:housenumber': '1286', 'addr:street': 'Cartwright Street'}"
201,49.2845626,-123.1084807,2017-10-12T04:52:05.000-07:00,entertainment,The Black Frog,"{'addr:housenumber': '108', 'website': 'www.theblackfrog.ca', 'addr:street': 'Cambie Street'}"
202,49.2464886,-122.8910088,2020-06-10T01:29:36.000-07:00,entertainment,The Taphouse,"{'addr:province': 'BC', 'addr:housenumber': '405', 'addr:street': 'North Road', 'source': 'survey', 'addr:unit': '2', 'addr:city': 'Coquitlam'}"
203,49.2683984,-123.0698801,2019-06-14T08:38:16.000-07:00,entertainment,Park Drive,"{'opening_hours': 'Mo-Th 11:30-11:00; Fr,Sa 11:30-12:00; Su 12:00-10:00', 'cuisine': 'greek'}"
204,49.2684563,-123.0694073,2019-10-04T00:33:32.000-07:00,entertainment,Falconetti's,{}
205,49.2637854,-123.0695196,2018-10-26T20:30:06.000-07:00,entertainment,St Augustine's,"{'addr:housenumber': '2360', 'website': 'http://staugustinesvancouver.com/', 'internet_access': 'wlan', 'phone': '+1-604-558-2739', 'opening_hours': 'Mo-Su 11:00-01:00', 'addr:street': 'Commercial Drive', 'addr:postcode': 'V5N 4B7'}"
206,49.056171,-122.3806171,2020-01-19T23:57:49.000-08:00,entertainment,Bar One,"{'addr:housenumber': '3010', 'website': 'https://www.baronecanada.com/', 'addr:street': 'Mount Lehman Road', 'operator': 'Northland Properties'}"
207,49.3127252,-123.0272348,2012-03-21T11:59:44.000-07:00,entertainment,Seymour's Pub,{}
208,49.2821875,-123.1090478,2016-01-14T04:46:29.000-08:00,entertainment,The Hastings Warehouse,"{'addr:housenumber': '156', 'addr:street': 'West Hastings Street', 'source': 'survey', 'addr:city': 'Vancouver'}"
209,49.2840215,-123.1141074,2014-01-23T03:19:10.000-08:00,entertainment,Malone's,"{'addr:housenumber': '608', 'website': 'http://www.malones.bc.ca/', 'addr:street': 'West Pender Street', 'source': 'survey', 'addr:postcode': 'V6B 1V8'}"
210,49.2672724,-123.1042375,2019-03-22T02:52:13.000-07:00,entertainment,Electric Bicycle Brewing,"{'website': 'https://electricbicyclebrewing.com/', 'shop': 'alcohol', 'phone': '+1-604-709-9939', 'opening_hours': 'Mo-Th 14:00-23:00; Fr-Sa 11:00-00:00; Su 11:00-23:00', 'outdoor_seating': 'no', 'email': 'info@ebbeer.com'}"
211,49.2804032,-123.121024,2019-09-13T13:57:04.000-07:00,entertainment,The Orpheum,"{'addr:housenumber': '884', 'website': 'http://orpheum-theater.com/orpheum_theater_vancouver.php', 'addr:street': 'Granville Street', 'addr:postcode': 'V6Z 1K3', 'addr:city': 'Vancouver'}"
212,49.277605,-123.1257615,2016-01-20T21:38:59.000-08:00,entertainment,Sidecar,"{'addr:housenumber': '1163', 'addr:street': 'Granville Street'}"
213,49.2776684,-123.1256767,2016-01-20T21:38:59.000-08:00,entertainment,Cabana,"{'addr:housenumber': '1159', 'addr:street': 'Granville Street'}"
214,49.2723207,-123.1342258,2016-01-24T22:53:43.000-08:00,entertainment,Backstage Lounge,{}
215,49.3269402,-122.9501617,2019-12-22T03:03:00.000-08:00,entertainment,Deep Cove Shaw Theatre,"{'addr:housenumber': '4360', 'addr:street': 'Gallant Avenue'}"
216,49.1748746,-122.890693,2012-04-29T10:32:24.000-07:00,entertainment,The Attic,{}
217,49.1768204,-122.8878011,2020-01-05T06:56:19.000-08:00,entertainment,Donegal's Irish House,"{'opening_hours': 'Su-Tu 11:00-22:00; We 11:00-23:00; Th 11:00-24:00; Fr-Sa 11:00-01:00', 'addr:housenumber': '12504', 'website': 'https://donegals.pub/', 'addr:street': '96 Avenue', 'phone': '+1-604-584-2112'}"
218,49.2527999,-122.7672467,2020-01-05T06:40:23.000-08:00,entertainment,Cat and Fiddle,"{'opening_hours': 'Mo-Th 11:00-01:00; Fr 11:00-02:00; Su 11:00-24:00', 'addr:housenumber': '1979', 'website': 'https://catandfiddlepub.ca/', 'addr:street': 'Brown Street', 'phone': '+1-604-941-8822'}"
219,49.2696427,-122.9464665,2012-05-09T10:09:27.000-07:00,entertainment,Hop & Vine,{}
220,49.1835444,-123.1046673,2020-01-22T18:05:50.000-08:00,entertainment,Fogg N' Suds,"{'addr:housenumber': '10720', 'website': 'https://www.foggnsuds.ca/', 'phone': '+1-604-273-0776', 'opening_hours': 'Su-Sa 06:30-22:30', 'addr:street': 'Cambie Road', 'email': 'gm@foggnsuds.ca'}"
221,49.2789342,-123.1237243,2010-11-23T17:09:29.000-08:00,entertainment,Johnnie Fox's Irish Snug,"{'addr:housenumber': '1033', 'addr:street': 'Granville Street'}"
222,49.2873462,-123.141531,2017-05-17T13:41:42.000-07:00,entertainment,Shamrock Alley,"{'addr:housenumber': '1184', 'name:en': 'Shamrock Alley', 'addr:street': 'Denman Street'}"
223,49.2831604,-123.1040262,2019-10-03T23:41:01.000-07:00,entertainment,The Diamond,"{'addr:housenumber': '6', 'website': 'http://di6mond.com', 'opening_hours': 'Mo-Th 17:30-01:00; Fr-Sa 17:30-02:00; Su 17:30-00:00', 'addr:street': 'Powell Street', 'addr:postcode': 'V6B 1G7', 'email': 'info@di6mond.com', 'addr:city': 'Vancouver'}"
224,49.2833904,-123.1044226,2018-10-26T20:30:52.000-07:00,entertainment,Six Acres,"{'addr:housenumber': '203', 'website': 'http://sixacres.ca/', 'phone': '+1-604-488-0110', 'opening_hours': 'Su-Th 11:30-23:30; Fr-Sa 11:30-00:30', 'name:en': 'Six Acres', 'addr:street': 'Carrall Street Greenway', 'addr:postcode': 'V6B 2J2', 'email': 'info@sixacres.ca', 'addr:city': 'Vancouver'}"
225,49.3099735,-123.0339301,2018-10-26T20:31:02.000-07:00,entertainment,Bridge Brewing Tasting Room,"{'addr:housenumber': '1448', 'website': 'https://www.bridgebrewing.com', 'shop': 'alcohol', 'phone': '+1-604-770-2739', 'opening_hours': '11:00-23:00', 'outdoor_seating': 'yes', 'addr:street': 'Charlotte Road', 'addr:postcode': 'V7J 1H2', 'addr:city': 'North Vancouver'}"
226,49.3135162,-123.0833432,2018-10-26T20:31:03.000-07:00,entertainment,Sailor Hägar's,"{'addr:housenumber': '86', 'website': 'http://sailorhagarspub.com/', 'addr:street': 'Semisch Avenue', 'phone': '+1-604-984-3087', 'addr:postcode': 'V7M 3H8'}"
227,49.2704154,-123.1346411,2019-03-22T02:49:43.000-07:00,entertainment,The Liberty Distillery,"{'opening_hours': 'Mo-Su 11:00-20:00', 'addr:housenumber': '1494-1', 'website': 'https://www.thelibertydistillery.com/', 'addr:street': 'Old Bridge Street'}"
228,49.1973521,-123.175138,2012-11-17T03:14:13.000-08:00,entertainment,Vino Volo,{}
229,49.2820577,-123.0709121,2019-06-02T05:39:46.000-07:00,entertainment,Resurrection Distillery and Lounge,"{'addr:housenumber': '1672', 'addr:street': 'Franklin Street'}"
230,49.2820425,-123.0723691,2019-06-02T05:39:47.000-07:00,entertainment,Finfolk,"{'addr:housenumber': '1600', 'addr:street': 'Franklin Street'}"
231,49.2653352,-123.1453811,2019-09-13T13:57:04.000-07:00,entertainment,Carlos O`Bryan's Neighborhood Pub,"{'addr:housenumber': '1774', 'addr:street': 'West 7th Avenue', 'addr:city': 'Vancouver'}"
232,49.2838402,-123.1138503,2019-03-27T03:46:35.000-07:00,entertainment,Browns Crafthouse,"{'opening_hours': 'Mo-Th 10:45-00:00; Fr 10:45-01:00; Sa 10:00-01:00; Su 10:00-00:00', 'addr:housenumber': '589', 'website': 'https://www.brownscrafthouse.com/', 'addr:street': 'West Pender Street', 'phone': '+1-604-262-4020'}"
233,49.2837876,-123.0641858,2018-10-26T20:31:03.000-07:00,entertainment,Parallel 49 Tasting Room & Beer Store,"{'opening_hours': '11:00-23:00', 'website': 'http://parallel49brewing.com/tasting_room', 'shop': 'alcohol', 'phone': '+1-604-558-2739', 'drive_through': 'no'}"
234,49.2837887,-123.0643214,2018-08-16T00:33:46.000-07:00,entertainment,Parallel 49 Street Kitchen,"{'opening_hours': 'Su-Th 11:00-00:00; Fr-Sa 11:00-01:00', 'website': 'http://parallel49brewing.com/street_kitchen'}"
235,49.2807293,-123.1323456,2019-07-06T09:10:42.000-07:00,entertainment,The Junction,"{'opening_hours': 'Mo-Su 15:00-03:00+', 'addr:street': 'Davie Street'}"
236,49.2044231,-122.9059535,2018-04-16T18:59:29.000-07:00,entertainment,The Met,"{'wheelchair': 'yes', 'addr:housenumber': '41', 'addr:street': 'Columbia Street', 'addr:postcode': 'V3L 1A9', 'addr:city': 'New Westminster'}"
237,49.2870731,-123.1418005,2015-08-17T03:56:10.000-07:00,entertainment,The Three Brits Public House,{}
238,49.2782799,-123.1211851,2019-11-20T22:56:08.000-08:00,entertainment,Contemporary Art Gallery,"{'wheelchair': 'yes', 'addr:housenumber': '555', 'website': 'https://www.contemporaryartgallery.ca/', 'phone': '+1-604-681-2700', 'opening_hours': 'Tu-Su 12:00-18:00', 'addr:street': 'Nelson Street', 'addr:postcode': 'V6B 6R5', 'wikidata': 'Q5164961'}"
239,49.2794324,-123.1235884,2015-09-09T04:42:41.000-07:00,entertainment,The Moose,"{'addr:housenumber': '724', 'addr:street': 'Nelson Street', 'addr:city': 'Vancouver'}"
240,49.2836569,-123.1041219,2016-04-17T16:26:23.000-07:00,entertainment,Guilt & Co,"{'wheelchair': 'no', 'addr:housenumber': '1', 'website': 'http://www.guiltandcompany.com', 'opening_hours': 'Mo-Su 19:00-02:00', 'addr:street': 'Alexander Street', 'addr:postcode': 'V6A 1B2'}"
241,49.2830338,-123.0998209,2019-03-22T02:54:23.000-07:00,entertainment,No. 5 Orange,"{'addr:housenumber': '205', 'website': 'https://www.no5orange.ca/', 'addr:street': 'Main Street', 'addr:postcode': 'V6A 1K7'}"
242,49.2820693,-123.0979109,2018-10-14T19:44:35.000-07:00,entertainment,Firehall Arts Centre,"{'addr:housenumber': '280', 'website': 'http://firehallartscentre.ca/', 'addr:street': 'East Cordova Street', 'phone': '+1-604-689-0926', 'wikidata': 'Q5451857'}"
243,49.281603,-123.1328977,2016-02-14T21:02:33.000-08:00,entertainment,1181,"{'addr:housenumber': '1181', 'website': 'http://www.1181.ca', 'addr:street': 'Davie Street'}"
244,49.2814951,-123.1327426,2016-02-14T21:02:34.000-08:00,entertainment,Pumpjack,"{'addr:housenumber': '1167', 'addr:street': 'Davie Street'}"
245,49.056369,-122.3832811,2019-07-06T18:18:44.000-07:00,entertainment,Old Abbey Ales,"{'addr:housenumber': '30321', 'website': 'https://www.oldabbeyales.com/', 'product': 'beer', 'shop': 'alcohol', 'phone': '+1-604-607-5104', 'opening_hours': 'Su-We 11:00-20:00; Th-Sa 11:00-22:00', 'craft': 'brewery', 'addr:street': 'Fraser Highway', 'addr:unit': '1A', 'email': 'info@oldabbeyales.com'}"
246,49.2797733,-123.1130766,2019-11-10T20:20:12.000-08:00,entertainment,Browns Social House,"{'opening_hours': 'Mo-Fr 11:00-00:00; Sa, Su 10:00-00:00', 'website': 'https://brownssocialhouse.com/'}"
247,49.2496566,-123.0903867,2019-11-01T23:55:11.000-07:00,entertainment,Capri Hall,"{'operator:type': 'private_non_profit', 'brand': 'Subud', 'operator': 'Subud Vancouver'}"
248,49.2754345,-123.1209961,2019-12-24T21:49:19.000-08:00,entertainment,Yaletown Brewing Company,"{'website': 'http://www.mjg.ca/yaletown/', 'product': 'beer', 'payment:credit_cards': 'yes', 'shop': 'alcohol', 'air_conditioning': 'yes', 'phone': '+1-604-681-2739', 'smoking': 'no', 'opening_hours': 'Su-We 11:30-00:00; Th 11:30-01:00; Fr-Sa 11:30-03:00', 'craft': 'brewery', 'outdoor_seating': 'yes', 'payment:debit_cards': 'yes'}"
249,49.2613514,-123.1384327,2017-10-22T15:21:00.000-07:00,entertainment,Stanley Industrial Alliance Stage,"{'addr:housenumber': '2750', 'alt_name': 'Stanley Theatre', 'addr:street': 'Granville Street', 'wikidata': 'Q7599693'}"
250,49.260671,-123.136489,2018-02-10T16:17:26.000-08:00,entertainment,Pacific Theatre,"{'addr:housenumber': '1440', 'website': 'http://pacifictheatre.org', 'addr:street': 'West 12th Avenue', 'phone': '+1-604-731-5518'}"
251,49.2872658,-123.1415278,2017-09-26T04:02:57.000-07:00,entertainment,Bayside Lounge,{}
252,49.2529917,-122.7332067,2019-11-03T17:31:53.000-08:00,entertainment,Northpaw Tasting Room,"{'addr:housenumber': '570', 'website': 'https://www.northpawbrewco.com/', 'shop': 'alcohol', 'phone': '+1-604-475-3660', 'opening_hours': 'Mo-Th 13:00-21:00; Fr, Sa 12:00-22:00; Su 12:00-20:00', 'addr:street': 'Sherling Place', 'addr:unit': '2150', 'email': 'info@northpawbrewco.com'}"
253,49.251189600000004,-122.732744,2019-11-03T17:31:53.000-08:00,entertainment,Tinhouse Tasting Lounge,"{'addr:housenumber': '550', 'website': 'http://www.tinhousebrewing.ca/', 'shop': 'alcohol', 'phone': '+1-604-474-3434', 'opening_hours': 'Mo-We, Su 12:00-20:00; Th 12:00-21:00; Fr, Sa 12:00-22:00', 'addr:street': 'Sherling Place', 'addr:unit': '2140', 'email': 'info@tinhousebrewing.ca'}"
254,49.1240805,-123.1809116,2018-10-25T14:20:56.000-07:00,entertainment,Steveston Built Local Taphouse,"{'addr:housenumber': '130-12480', 'addr:street': 'No. 1 Road', 'phone': '+1-604-447-4420', 'addr:postcode': 'V7E 0A2', 'addr:city': 'Richmond'}"
255,49.2874645,-123.1295818,2019-09-02T22:08:29.000-07:00,entertainment,The Den,"{'opening_hours': 'Mo-Th 16:00-01:00; Fr,Sa 16:00-02:00; Su 16:00-23:00'}"
256,49.2801019,-123.1213535,2019-06-16T20:12:54.000-07:00,entertainment,Dublin Calling,"{'addr:housenumber': '900', 'addr:street': 'Granville St'}"
257,49.2796906,-123.1130707,2019-10-02T18:42:11.000-07:00,entertainment,Ventura Room,"{'addr:housenumber': '695', 'website': 'https://www.venturaroom.com', 'addr:street': 'Cambie Street', 'phone': '+1-604-620-5547', 'addr:postcode': 'V6B 2P1'}"
258,49.2769066,-123.1154049,2019-06-23T22:19:07.000-07:00,entertainment,Red Racer Taphouse,"{'addr:housenumber': '871', 'website': 'https://www.redracertaphouse.com/', 'microbrewery': 'yes', 'phone': '+1-778-379-2489', 'opening_hours': 'Su-Th 11:00-23:00; Fr-Sa 11:00-01:00', 'cuisine': 'burger', 'addr:street': 'Beatty Street', 'addr:postcode': 'V6B 2M6', 'addr:city': 'Vancouver'}"
259,49.2580228,-123.1013897,2014-06-26T06:44:18.000-07:00,entertainment,Main Wellness Centre,"{'addr:housenumber': '3041', 'addr:street': 'Main Street', 'addr:city': 'Vancouver'}"
260,49.2581178,-123.1009494,2019-08-04T06:42:59.000-07:00,entertainment,Uncle Abe's,"{'addr:housenumber': '3032', 'addr:street': 'Main Street', 'addr:city': 'Vancouver'}"
261,49.2801961,-123.0974652,2018-10-26T20:31:08.000-07:00,entertainment,The Emerald,"{'opening_hours': 'Tu-Th 17:00-01:00; Fr-Sa 17:00-02:00', 'addr:housenumber': '555', 'website': 'http://emeraldsupperclub.com', 'addr:street': 'Gore Avenue', 'phone': '+1-778-788-6120'}"
262,49.1876904,-122.8484563,2019-09-13T13:56:49.000-07:00,entertainment,Central City Brewing Company,"{'wheelchair': 'yes', 'website': 'http://centralcitybrewing.com/brew-pubs/surrey/', 'microbrewery': 'yes', 'addr:postcode': 'V3T 5X3', 'addr:city': 'Surrey', 'addr:housenumber': '13450', 'phone': '+1-604-582-6620', 'smoking': 'no', 'opening_hours': 'Su-Th 11:00-24:00; Fr-Sa 11:00-01:00', 'addr:street': '102nd Avenue', 'wikipedia': 'en:Central City Brewing Company', 'wikidata': 'Q5060558'}"
263,49.2197846,-122.6016034,2019-12-16T03:13:30.000-08:00,entertainment,Silver Valley,"{'opening_hours': 'Tu, We 14:00-21:00; Th 14:00-22:00; Fr 14:00-23:00; Sa 11:00-23:00; Su 12:00-20:00', 'website': 'https://silvervalleybrewing.com/', 'shop': 'alcohol', 'outdoor_seating': 'no', 'phone': '+1-604-380-1222'}"
264,49.1185646,-122.6782226,2019-12-16T03:22:00.000-08:00,entertainment,Camp Beer,"{'addr:housenumber': '19664', 'website': 'https://www.campbeer.ca/', 'shop': 'alcohol', 'addr:street': '64 Avenue', 'addr:unit': '110'}"
265,49.1051981,-122.6524037,2019-12-16T03:22:00.000-08:00,entertainment,Farm Country Tasting Room,"{'addr:housenumber': '20555', 'website': 'https://farmcountrybrewing.com/', 'opening_hours': 'Mo-We, Su 12:00-20:00; Th-Sa 12:00-23:00', 'outdoor_seating': 'no', 'addr:street': '56 Avenue', 'addr:unit': '5', 'email': 'beer@farmcountrybrewing.com'}"
266,49.2207369,-122.5911689,2019-12-16T03:13:30.000-08:00,entertainment,Maple Meadows Tasting Room,"{'addr:housenumber': '22775', 'website': 'https://mmbrewing.ca/', 'shop': 'alcohol', 'phone': '+1-604-479-0999', 'opening_hours': 'Mo, Tu 15:00-19:00; We 15:00-20:00; Th 15:00-21:00; Fr, Sa 12:00-21:00; Su 12:00-18:00', 'outdoor_seating': 'no', 'addr:street': 'Dewdney Trunk Road'}"
267,49.2199788,-122.589564,2019-12-16T03:13:30.000-08:00,entertainment,Ridge Brewing,"{'addr:housenumber': '22826', 'website': 'http://ridgebrewing.com', 'shop': 'alcohol', 'opening_hours': 'Mo-We 14:00-19:00; Th 12:00-20:00; Fr 12:00-22:00; Sa 11:30-22:00; Su 12:00-18:00', 'outdoor_seating': 'no', 'addr:street': 'Dewdney Trunk Road', 'addr:unit': '2'}"
268,49.2513484,-123.0777934,2018-06-20T15:10:21.000-07:00,entertainment,Cedar Cottage Pub,"{'addr:housenumber': '3728', 'addr:street': 'Clark Drive', 'phone': '+1-604-876-1411', 'addr:postcode': 'V5V 3E2'}"
269,49.0582354,-122.3780877,2019-04-27T20:37:04.000-07:00,entertainment,Cineplex Cinemas Abbotsford and VIP,"{'addr:housenumber': '3122', 'website': 'https://www.cineplex.com/Theatre/cineplex-cinemas-abbotsford-and-vip', 'phone': '+1-604-504-9701', 'level': '2', 'addr:street': 'Mount Lehman Road', 'is_in:city': 'Abbotsford', 'addr:unit': 'J200', 'operator': 'Cineplex', 'layer': '2'}"
270,49.2814612,-123.1051707,2019-09-13T13:56:49.000-07:00,entertainment,Darby's,"{'addr:housenumber': '18', 'website': 'https://www.darbysgastown.pub/', 'addr:street': 'West Hastings Street', 'addr:city': 'Vancouver'}"
271,49.2603834,-123.096422,2018-05-17T03:24:25.000-07:00,entertainment,Biltmore Cabaret,"{'addr:housenumber': '2755', 'website': 'http://www.biltmorecabaret.com', 'phone': '+1-604-676-0541', 'addr:street': 'Prince Edward Street', 'addr:postcode': 'V5T 0A9', 'addr:city': 'Vancouver'}"
272,49.1625916,-122.8896083,2020-01-12T19:32:13.000-08:00,entertainment,Crown Palace,"{'addr:housenumber': '12025', 'website': 'http://www.crownpalace.ca/', 'addr:street': 'Nordel Way', 'phone': '+1-604-591-8100', 'addr:unit': '201'}"
273,49.2637537,-122.7814095,2014-09-30T02:07:23.000-07:00,entertainment,Samz,{}
274,49.26428,-122.7803736,2018-06-20T15:10:26.000-07:00,entertainment,Royal Canadian Legion - Branch 133 (Port Coquitlam),"{'addr:housenumber': '2675', 'addr:street': 'Shaughnessy Street', 'phone': '+1-604-942-8911'}"
275,49.1061326,-122.656578,2019-11-18T00:17:33.000-08:00,entertainment,Summit,{}
276,49.1063467,-122.6569933,2019-12-27T03:24:40.000-08:00,entertainment,Match Eatery & Public House Langley,"{'addr:housenumber': '20393', 'website': 'http://matchpub.com/langley', 'level': '0', 'opening_hours': 'Mo-Th 11:00-00:00;Fr 11:00-02:00;Sa 10:00-02:00;Su 10:00-00:00', 'outdoor_seating': 'yes', 'addr:street': 'Fraser Highway', 'addr:postcode': 'V3A 7N2', 'brand': 'Match Eatery & Public House'}"
277,49.0212249,-122.8050316,2020-01-03T15:51:15.000-08:00,entertainment,Dew Drop Inn,"{'addr:housenumber': '15065', 'old_name': 'Jimmy Flynn’s', 'cuisine': 'irish', 'outdoor_seating': 'yes', 'addr:street': 'Marine Drive', 'addr:city': 'White Rock'}"
278,49.021714,-122.8067325,2020-01-03T15:51:15.000-08:00,entertainment,Oceanside Public House,"{'addr:housenumber': '14995', 'alt_name': 'Oceanside Yacht Club Waterfront Public House', 'website': 'https://www.jrghospitality.ca/establishment/oceansidepublichouse', 'cuisine': 'regional', 'outdoor_seating': 'yes', 'addr:street': 'Marine Drive', 'operator': 'Joseph Richard Group'}"
279,49.1256453,-123.1859221,2016-10-15T07:02:37.000-07:00,entertainment,The Buck & Ear Bar and Grill,"{'addr:housenumber': '12111', 'alt_name': 'Buck and Ear Bar and Grll', 'addr:street': '3rd Avenue'}"
280,49.1836115,-123.1354488,2019-09-13T13:57:04.000-07:00,entertainment,Cashbox Karaoke Express,"{'addr:housenumber': '4160', 'addr:street': 'No. 3 Road', 'addr:unit': '110', 'addr:city': 'Richmond'}"
281,49.2793791,-123.120222,2019-09-23T15:35:32.000-07:00,entertainment,Red Card Sports Bar + Eatery,"{'addr:housenumber': '560', 'website': 'https://www.redcardsportsbar.ca', 'opening_hours': 'Mo-Th 11:30-23:00; Fr-Sa 11:30-01:45; Su 09:30-23:00', 'brewery': 'yes', 'outdoor_seating': 'yes', 'addr:street': 'Smithe Street', 'addr:postcode': 'V6B 3L9', 'email': 'info@redcardsportsbar.ca', 'addr:city': 'Vancouver'}"
282,49.2825107,-123.1068062,2017-08-01T22:38:30.000-07:00,entertainment,Metropole,"{'addr:housenumber': '320', 'addr:street': 'Abbott Street'}"
283,49.2817874,-123.1067495,2016-01-12T05:28:07.000-08:00,entertainment,Grand Union Hotel,{'addr:street': 'West Hastings Street'}
284,49.2646995,-123.0994151,2018-07-07T02:09:56.000-07:00,entertainment,Main Street Tasting Lounge,"{'opening_hours': 'Mo-Th 14:00-23:00; Fr-Su 12:00-23:00', 'website': 'http://mainstreetbeer.ca', 'product': 'beer', 'phone': '+1-604-336-7711', 'operator': 'Main Street Brewing Company'}"
285,49.2672532,-123.2503018,2018-08-23T01:58:42.000-07:00,entertainment,The Norm Theatre,{}
286,49.2719209,-122.757155,2019-09-02T22:08:25.000-07:00,entertainment,Meridian Arms Pub,"{'opening_hours': 'Mo-We 11:00-00:00', 'addr:housenumber': '3261', 'addr:street': 'Coast Meridian Road', 'smoking': 'outside', 'addr:city': 'Port Coquitlam'}"
287,49.2668041,-122.7727603,2019-09-13T13:56:49.000-07:00,entertainment,The Bennett Craft & Kitchen,"{'addr:housenumber': '2099', 'addr:street': 'Lougheed Highway', 'addr:city': 'Port Coquitlam'}"
288,49.2842279,-123.1113795,2016-01-16T05:55:24.000-08:00,entertainment,Red Room,"{'addr:housenumber': '398', 'addr:street': 'Richards Street'}"
289,49.2770411,-123.1266332,2019-09-18T23:00:49.000-07:00,entertainment,Twelve West,"{'addr:housenumber': '1219', 'addr:street': 'Granville Street', 'addr:city': 'Vancouver'}"
290,49.2639564,-123.1152029,2016-01-17T07:21:07.000-08:00,entertainment,Milestones,"{'addr:housenumber': '2425', 'addr:street': 'Cambie Street', 'addr:city': 'Vancouver'}"
291,49.280708,-123.1172196,2019-12-09T03:42:02.000-08:00,entertainment,Kingston,"{'opening_hours': 'Mo-Sa 11:30-18:00+; Su 11:30-22:00', 'addr:housenumber': '755', 'addr:street': 'Richards Street'}"
292,49.279654,-123.12973,2014-01-06T21:44:58.000-08:00,entertainment,Fountainhead Pub,{}
293,49.2799331,-123.1205671,2020-03-06T00:00:17.000-08:00,entertainment,The Orpheum,"{'addr:housenumber': '601', 'website': 'http://orpheum-theater.com/orpheum_theater_vancouver.php', 'addr:street': 'Smithe Street', 'addr:postcode': 'V6Z 1K3', 'wikidata': 'Q7103961', 'addr:city': 'Vancouver'}"
294,49.051316,-122.3131173,2019-09-02T22:08:26.000-07:00,entertainment,Cloud Hookah Lounge,"{'opening_hours': 'Su-Th 18:00-24:00; Mo-Fr 00:00-01:00; Fr-Sa 18:00-24:00; Sa-Su 00:00-03:00', 'phone': '+1-604-744-0744', 'addr:unit': '102'}"
295,49.2812751,-123.0551908,2019-02-10T09:27:36.000-08:00,entertainment,The Brighton,{}
296,49.1040692,-122.660717,2019-10-27T23:44:35.000-07:00,entertainment,Langley Senior Resources Society,{}
297,49.2804152,-123.1074119,2019-12-01T04:03:46.000-08:00,entertainment,Bismarck,"{'addr:housenumber': '526', 'addr:street': 'Abbott Street', 'addr:city': 'Vancouver'}"
298,49.2806911,-123.1125574,2017-10-22T15:21:14.000-07:00,entertainment,Vancouver Playhouse,"{'addr:housenumber': '600', 'addr:street': 'Hamilton Street', 'wikidata': 'Q7914233'}"
299,49.2803131,-123.1131613,2019-03-19T06:06:43.000-07:00,entertainment,Queen Elizabeth Theatre,"{'wheelchair': 'yes', 'addr:housenumber': '650', 'website': 'https://vancouver.ca/parks-recreation-culture/queen-elizabeth-theatre.aspx', 'phone': '+1-604-665-3050', 'addr:street': 'Hamilton Street', 'wikipedia': 'en:Queen Elizabeth Theatre', 'wikidata': 'Q7270389'}"
300,49.2833999,-123.1145203,2018-07-10T22:15:55.000-07:00,entertainment,5FiftyGame,"{'opening_hours': 'Mo-Su 10:00-01:00', 'addr:housenumber': '550', 'website': 'http://www.vancouverstudentstore.ca', 'addr:street': 'Seymour Street'}"
301,49.2592073,-123.1389048,2019-09-13T13:56:49.000-07:00,entertainment,Caffe Barney,"{'addr:housenumber': '2975', 'addr:street': 'Granville Street', 'addr:postcode': 'V6H 3H6', 'addr:city': 'Vancouver'}"
302,49.2785388,-122.8487087,2019-09-13T13:56:49.000-07:00,entertainment,Yellow Dog Brewing,"{'addr:housenumber': '2817', 'website': 'http://yellowdogbeer.com', 'microbrewery': 'yes', 'phone': '+1-604-492-0191', 'opening_hours': 'Mo-Sa 11:00-23:00; Su 10:00-22:00', 'outdoor_seating': 'yes', 'addr:street': 'Murray Street', 'addr:postcode': 'V3H 1X3', 'email': 'info@yellowdogbrew.com', 'addr:city': 'Port Moody'}"
303,49.2786245,-122.8543622,2019-09-13T13:56:49.000-07:00,entertainment,Moody Ales,"{'addr:housenumber': '2601', 'website': 'http://www.moodyales.com/', 'microbrewery': 'yes', 'shop': 'alcohol', 'phone': '+1-604-492-3911', 'opening_hours': 'Su 11:00-22:00; Mo 12:00-22:00; Tu-Th 12:00-23:00; Fr-Sa 11:00-23:00', 'outdoor_seating': 'yes', 'addr:street': 'Murray Street', 'addr:postcode': 'V3H 3R5', 'email': 'beer@moodyales.com', 'addr:city': 'Port Moody'}"
304,49.2834684,-123.0736709,2018-10-26T20:30:56.000-07:00,entertainment,Andina Tasting Lounge,"{'opening_hours': 'Mo-Su 12:00-23:00', 'website': 'https://andinabrewing.ca/visit-our-place/the-tasting-lounge/', 'shop': 'alcohol', 'phone': '+1-604-253-2400', 'email': 'info@andinabrewing.ca'}"
305,49.3209702,-123.0729964,2012-12-31T00:44:41.000-08:00,entertainment,Civic Plaza Fountain,{}
306,49.0488243,-122.2892706,2018-02-12T13:44:15.000-08:00,entertainment,Gator's Pub,"{'addr:housenumber': '33780', 'website': 'http://www.facebook.com/Gators-Pub-257795204309064', 'addr:street': 'Essendene Avenue', 'phone': '+1-604-853-3307', 'addr:postcode': 'V2S 5M4'}"
307,49.0488518,-122.2892374,2018-02-12T13:44:17.000-08:00,entertainment,Vicinity Lounge,"{'old_name': 'the spotted owl bar;Air Fare Lounge', 'phone': '+1-604-744-5364', 'level': '0'}"
308,49.2368807,-122.8719474,2018-03-02T02:54:48.000-08:00,entertainment,Townhall Public House,"{'cuisine': 'fried_food', 'addr:street': 'Brunette Street', 'addr:postcode': 'V3K 1C8', 'food': 'yes', 'addr:city': 'Coquitlam'}"
309,49.2828092,-123.1092642,2019-09-13T13:56:58.000-07:00,entertainment,Pub 340,"{'addr:housenumber': '340', 'addr:street': 'Cambie Street', 'addr:city': 'Vancouver'}"
310,49.2683292,-123.1003762,2014-12-17T03:46:20.000-08:00,entertainment,The Narrow Lounge,{'website': 'http://www.narrowlounge.com/'}
311,49.2769507,-123.1261599,2019-09-18T23:00:49.000-07:00,entertainment,Two Parrots,"{'opening_hours': 'Mo-Fr 07:00-02:00; Sa-Su 09:00-02:00', 'addr:housenumber': '1202', 'addr:street': 'Granville Street', 'addr:city': 'Vancouver'}"
312,49.2119854,-122.9211331,2012-04-25T04:39:33.000-07:00,entertainment,Moonrakers Pub,"{'addr:housenumber': '525', 'addr:street': '7th Street', 'source': 'gps/photo survey', 'addr:city': 'New Westminster'}"
313,49.2141826,-122.9213758,2018-06-20T15:09:43.000-07:00,entertainment,Royal Canadian Legion - Branch 2 (New Westminster),"{'addr:housenumber': '631', 'addr:street': 'Sixth Street', 'phone': '+1-604-524-1151'}"
314,49.1558522,-122.923471,2019-06-26T07:37:24.000-07:00,entertainment,Sunstone Fountain,{'lit': 'yes'}
315,49.2822225,-123.1241191,2020-03-11T02:26:39.000-07:00,entertainment,Ballyhoo Public House,"{'addr:province': 'BC', 'opening_hours': 'Mo-Fr 11:00+; Sa-Su 10:00+', 'smoking': 'no', 'addr:city': 'Vancouver'}"
316,49.3112298,-123.0780215,2019-12-29T01:02:08.000-08:00,entertainment,Streetcar Tasting Room,"{'opening_hours': 'We 16:00-21:00; Th 14:00-22:00; Fr, Sa 12:00-23:00; Su 12:00-21:00', 'addr:housenumber': '123A', 'website': 'http://www.streetcarbrewing.ca', 'addr:street': 'East 1st Street'}"
317,49.2705549,-123.1356713,2019-07-17T21:24:14.000-07:00,entertainment,Granville Island Brewing Taproom,"{'opening_hours': 'Mo-Su 12:00-20:00', 'website': 'http://gib.ca', 'phone': '+1-604-687-2739'}"
318,49.2827946,-123.1041486,2019-01-20T04:09:30.000-08:00,entertainment,Blarney Stone,{}
319,49.2757085,-123.1222873,2019-09-13T13:56:58.000-07:00,entertainment,The New Oxford,"{'note': 'Part of the Donnelly Group. Connects with Tavern', 'website': 'http://donnellygroup.ca/new-oxford', 'payment:credit_cards': 'yes', 'payment:cash': 'yes', 'addr:postcode': 'V6B 5P6', 'addr:city': 'Vancouver', 'addr:housenumber': '1144', 'phone': '+1-604-609-0901', 'smoking': 'no', 'opening_hours': 'Mo-Th 11:30-01:00; Fr 11:30-02:00; Sa 11:00-02:00; Su 10:00-01:00', 'brewery': 'various', 'addr:street': 'Homer Street', 'payment:debit_cards': 'yes', 'email': 'newoxford@donnellygroup.ca'}"
320,49.2796198,-123.1013261,2018-10-26T20:30:34.000-07:00,entertainment,The Keefer,"{'addr:housenumber': '135', 'website': 'http://thekeeferbar.com', 'addr:street': 'Keefer Street', 'phone': '+1-604-688-1961', 'addr:postcode': 'V6A 1X3'}"
321,49.0241004,-123.0680384,2019-08-18T20:56:16.000-07:00,entertainment,Tsawwassen Arts Centre,{'operator': 'City of Delta'}
322,49.0899496,-123.0835965,2019-08-19T03:36:36.000-07:00,entertainment,Royal Ocean Events,{}
323,49.202401,-123.1442022,2016-04-18T03:11:57.000-07:00,entertainment,Milltown Bar & Grill,"{'cuisine': 'grill', 'addr:housenumber': '9191. Unit 101', 'addr:street': 'Bentley Street', 'internet_access': 'wlan'}"
324,49.1342493,-122.8450804,2019-09-13T13:57:05.000-07:00,entertainment,Kelly's Pub,"{'addr:housenumber': '7218', 'addr:street': 'King George Boulevard', 'addr:city': 'Surrey'}"
325,49.2644903,-123.1842004,2019-12-29T23:17:30.000-08:00,entertainment,The Wolf and Hound,"{'addr:housenumber': '3609', 'addr:street': 'West Broadway'}"
326,49.2639431,-123.1492041,2019-09-13T13:56:49.000-07:00,entertainment,Manchester Public Eatery,"{'addr:housenumber': '1941', 'addr:street': 'West Broadway', 'addr:city': 'Vancouver'}"
327,49.2786691,-123.1264603,2019-10-27T17:08:25.000-07:00,entertainment,The Cinematheque,"{'addr:housenumber': '1131', 'website': 'http://www.thecinematheque.ca/', 'internet_access': 'wlan', 'old_name': 'Pacific Cinematheque', 'phone': '+1-604-688-3456', 'addr:street': 'Howe Street', 'addr:postcode': 'V6Z 2L7', 'wikidata': 'Q7122345', 'addr:city': 'Vancouver'}"
328,49.281145,-123.119819,2019-11-22T19:58:24.000-08:00,entertainment,Lennox Pub,"{'addr:housenumber': '800', 'addr:street': 'Granville Street', 'addr:city': 'Vancouver'}"
329,49.0356296,-122.2689408,2019-09-02T22:08:25.000-07:00,entertainment,Abbey Road Taphouse,"{'opening_hours': 'Mo-Sa 11:30-00:00; Su 10:00-00:00', 'website': 'http://www.abbeyroadtaphouse.com', 'phone': '+1-604-746-0333'}"
330,49.2642338,-123.1725691,2010-02-22T23:49:34.000-08:00,entertainment,Russel Brewing Company,{}
331,49.2638288,-123.1416759,2019-09-13T13:56:49.000-07:00,entertainment,Storm Crow Alehouse,"{'addr:housenumber': '1619', 'website': 'https://www.stormcrowalehouse.com/', 'phone': '+1-604-428-9670', 'opening_hours': 'Su-Th 11:00-01:00; Fr-Sa 11:00-02:00', 'outdoor_seating': 'yes', 'addr:street': 'West Broadway', 'addr:postcode': 'V6J 5K9', 'email': 'alehouse@stormcrow.com', 'addr:city': 'Vancouver'}"
332,49.2514468,-123.0017365,2018-10-26T20:29:55.000-07:00,entertainment,Habitat,"{'addr:housenumber': '3700', 'addr:street': 'Willingdon Avenue', 'phone': '+1-604-431-4981', 'facebook': 'http://www.facebook.com/ProfessorMugsPub', 'addr:city': 'Burnaby'}"
333,49.2852025,-123.1203437,2020-03-11T04:43:09.000-07:00,entertainment,Grain Tasting Bar,"{'addr:province': 'BC', 'addr:housenumber': '655', 'website': 'https://vancouver.hyatt.com/', 'phone': '+1-604-639-4771', 'smoking': 'no', 'addr:street': 'Burrard Street', 'addr:postcode': 'V6C 2R7', 'addr:city': 'Vancouver'}"
334,49.1989911,-122.8115444,2019-09-13T13:56:49.000-07:00,entertainment,Jolly Mac's,"{'addr:housenumber': '14817', 'website': 'http://www.jollymacspub.com/', 'phone': '+1-604-584-4262', 'smoking': 'no', 'opening_hours': 'Mo-Sa 11:00-01:00; Su 10:00-00:00', 'cuisine': 'american', 'addr:street': '108 Avenue', 'addr:city': 'Surrey'}"
335,49.2782044,-123.113409,2020-01-04T17:30:18.000-08:00,entertainment,Frankie's Jazz Club,"{'addr:housenumber': '755', 'website': 'http://www.frankiesjazzclub.ca/', 'phone': '+1-604-688-6368', 'addr:street': 'Beatty Street', 'email': 'info@frankiesjazzclub.ca', 'addr:city': 'Vancouver'}"
336,49.016786,-122.7904237,2020-01-05T18:05:50.000-08:00,entertainment,Sand Piper Pub,"{'addr:housenumber': '15595', 'addr:street': 'Marine Drive'}"
337,49.2705733,-123.1063824,2019-06-17T05:08:02.000-07:00,entertainment,Craft Restaurant & Bar,"{'addr:housenumber': '85', 'website': 'http://vancouver.craftbeermarket.ca', 'internet_access': 'wlan', 'phone': '+1-604-709-2337', 'opening_hours': 'Mo-Th 11:00-00:00; Fr 11:00-01:00; Sa 10:00-01:00; Su 10:00-00:00', 'addr:street': 'West 1st Avenue', 'addr:postcode': 'V6B 0J2'}"
338,49.163033,-122.6667471,2019-07-02T04:46:25.000-07:00,entertainment,Dead Frog Tasting Room,"{'opening_hours': 'Mo-Th 11:00-22:00; Fr-Sa 11:00-00:00; Su 12:00-20:00', 'website': 'http://deadfrog.ca', 'shop': 'alcohol'}"
339,49.2796989,-123.1303992,2019-11-06T04:39:01.000-08:00,entertainment,Numbers,"{'addr:housenumber': '1042', 'addr:street': 'Davie Street'}"
340,49.2527909,-122.8934829,2010-12-01T10:44:06.000-08:00,entertainment,Fitness City,{}
341,49.2777673,-123.0989237,2018-07-25T16:10:33.000-07:00,entertainment,The Union,{}
342,49.0607423,-122.4948144,2012-12-25T07:51:41.000-08:00,entertainment,Mustang's,{}
343,49.2769812,-122.857362,2019-08-31T20:37:43.000-07:00,entertainment,Burrard Public House,{}
344,49.1727356,-123.1351834,2019-09-13T13:57:05.000-07:00,entertainment,V+Club,"{'addr:housenumber': '8171', 'addr:street': 'Ackroyd Road', 'addr:unit': '140', 'addr:city': 'Richmond'}"
345,49.2847445,-123.114506,2019-05-15T21:13:39.000-07:00,entertainment,One Under Vancouver,"{'addr:housenumber': '476', 'addr:street': 'Granville Street'}"
346,49.2897968,-123.1212582,2019-05-15T21:20:32.000-07:00,entertainment,TAP shack Eatery,"{'addr:housenumber': '1199', 'addr:street': 'West Cordova Street'}"
347,49.2639071,-123.1055201,2019-03-15T05:56:03.000-07:00,entertainment,33 Brewing Experiment,"{'website': 'https://33brewingexp.com/', 'shop': 'alcohol', 'outdoor_seating': 'no', 'phone': '+1-604-812-4281', 'email': 'hi@33brewingexp.com'}"
348,49.2639071,-123.1053136,2019-03-15T05:56:03.000-07:00,entertainment,33 Acres Brewing,"{'website': 'http://33acresbrewing.com/', 'shop': 'alcohol', 'phone': '+1-604-620-4589', 'drive_through': 'no', 'opening_hours': 'Mo-Fr 09:00-23:00; Sa-Su 10:00-23:00', 'outdoor_seating': 'no', 'email': 'beer@33acresbrewing.com'}"
349,49.0475617,-122.2919239,2016-09-09T12:55:51.000-07:00,entertainment,Bankrupt Social Spot,"{'website': 'https://m.facebook.com/bankruptsocial', 'old_name': 'Foundation Bar;Nineteen 33 Speakeasy Lounge', 'phone': '+1-604-859-5255', 'level': '0', 'opening_hours': '11:00-00:00', 'outdoor_seating': 'yes', 'url': 'http://www.downtownabbotsford.com/business/bankrupt-social-spot'}"
350,49.0486525,-122.2891854,2019-02-19T15:37:48.000-08:00,entertainment,Banquet Room,"{'website': 'https://www.newpassagetoindia.com/', 'phone': '+1-604-855-7100', 'level': '0', 'description': 'Banquet Hall entrance', 'entrance': 'yes', 'operator': 'New Passage to India'}"
351,49.0485387,-122.289184,2018-06-20T15:11:05.000-07:00,entertainment,Gator's Pub,"{'opening_hours': 'Su-Tu 11:00-23:00, We-Sa 23:00-01:00', 'alt_name': 'Gators! Pub', 'website': 'http://www.fraservalleyinn.com', 'entrance': 'yes', 'phone': '+1-604-853-3307'}"
352,49.2809539,-123.023841,2019-09-13T13:56:49.000-07:00,entertainment,Oscar's Pub,"{'addr:housenumber': '3684', 'addr:street': 'East Hastings Street', 'addr:city': 'Vancouver'}"
353,49.0294857,-122.8013578,2019-09-02T22:08:29.000-07:00,entertainment,3 Dogs Brewing,"{'addr:housenumber': '1515', 'website': 'https://3dogsbrewing.com', 'product': 'beer', 'microbrewery': 'yes', 'shop': 'alcohol', 'opening_hours': 'We-Fr 15:00-23:00; Sa 12:00-23:00; Su 12:00-18:00; Mo-Tu off', 'craft': 'brewery', 'addr:street': 'Johnston Road'}"
354,49.1557483,-122.7784001,2019-09-13T13:56:49.000-07:00,entertainment,Edith & Arthur Public House,"{'addr:housenumber': '8410', 'website': 'http://www.jrg.ca/establishment/edith-arthur-public-house/', 'surrey:addrid': '26990', 'building:levels': '2', 'name:en': 'Edith & Arthur Public House', 'addr:street': '160 Street', 'source': 'City of Surrey 2010 GIS Data', 'addr:postcode': 'V4N 0V7', 'surrey:date': '19851031', 'addr:city': 'Surrey'}"
355,49.2769132,-122.832616,2019-09-13T13:57:04.000-07:00,entertainment,Brew Street Pub,"{'addr:housenumber': '3224', 'brewery': 'Guinness;various', 'outdoor_seating': 'yes', 'addr:street': 'Saint Johns Street', 'addr:postcode': 'V3H 2C9', 'addr:city': 'Port Moody'}"
356,49.2789269,-123.1231338,2020-01-15T04:33:17.000-08:00,entertainment,The Beaver Taphouse,"{'opening_hours': 'Su-Th 16:00-01:00; Fr-Sa 16:00-02:00', 'addr:housenumber': '1018', 'website': 'https://www.thebeaverbar.ca/', 'addr:street': 'Granville Street', 'addr:postcode': 'V6Z 1L5'}"
357,49.2780156,-123.0995912,2019-09-13T13:57:05.000-07:00,entertainment,Brickhouse,"{'addr:housenumber': '730', 'addr:street': 'Main Street', 'addr:city': 'Vancouver'}"
358,49.1926913,-123.1815539,2019-08-24T14:58:58.000-07:00,entertainment,Plaza Premium Lounge,{}
359,49.192278,-123.1802289,2019-08-24T14:58:55.000-07:00,entertainment,Stanley Park Taphouse,{}
360,49.1928061,-123.1819413,2019-08-24T14:58:59.000-07:00,entertainment,Vino Volo,{}
361,49.2804447,-123.0976766,2019-12-01T03:08:36.000-08:00,entertainment,La Boqueria,"{'addr:housenumber': '291', 'website': 'https://www.boqueria.ca/', 'internet_access': 'wlan', 'phone': '+1-604-423-4300', 'addr:street': 'East Pender Street', 'addr:postcode': 'V6A 1T8', 'email': 'info@boqueria.ca', 'addr:city': 'Vancouver'}"
362,49.2254886,-122.8859561,2019-09-02T22:08:29.000-07:00,entertainment,Another Beer Co Tasting Room,"{'addr:housenumber': '30', 'website': 'https://anotherbeerco.com', 'shop': 'alcohol', 'opening_hours': 'We,Th 15:00-22:00; Fr,Sa 12:00-22:00; Su 12:00-20:00', 'addr:street': 'Capilano Way', 'addr:unit': '11'}"
363,49.1777166,-123.1305411,2019-09-13T13:57:05.000-07:00,entertainment,Monster L Karaoke,"{'addr:housenumber': '8400', 'smoking': 'no', 'outdoor_seating': 'no', 'addr:street': 'Alexandra Road', 'addr:unit': '130', 'addr:city': 'Richmond'}"
364,49.2227248,-122.9834098,2019-09-13T13:57:05.000-07:00,entertainment,Mix-2 Karaoke,"{'addr:housenumber': '6681', 'addr:street': 'MacPherson Avenue', 'addr:city': 'Burnaby'}"
365,49.2682508,-123.1686006,2019-09-13T13:57:05.000-07:00,entertainment,Darby's Public House & Liqour Store,"{'note': 'Rooftop patio', 'addr:housenumber': '2001', 'website': 'https://www.darbys.pub', 'phone': '+1-604-731-0617', 'opening_hours': 'Mo-Th 11:00-01:00; Fr 11:00-02:00; Sa-Su 10:00-02:00', 'outdoor_seating': 'yes', 'addr:street': 'Macdonald Street', 'addr:postcode': 'V6K 3Y2', 'addr:city': 'Vancouver'}"
366,49.2818962,-122.7963804,2018-12-23T21:49:13.000-08:00,entertainment,Urban Gate Bar and Grill,"{'addr:housenumber': '1158', 'addr:street': 'The High Street'}"
367,49.14012,-123.1373979,2018-10-09T20:16:51.000-07:00,entertainment,Pioneer's Pub,{}
368,49.2658067,-123.1005698,2020-06-23T20:34:21.000-07:00,entertainment,Brassneck Tasting Room,"{'opening_hours': 'Mo-Fr 14:00-23:00; Sa-Su 12:00-23:00', 'website': 'http://brassneck.ca/', 'product': 'beer', 'outdoor_seating': 'no'}"
369,49.2842649,-123.0672525,2019-11-10T06:35:01.000-08:00,entertainment,Slow Hand Tasting Room,"{'addr:housenumber': '1830', 'website': 'https://www.slowhandbeer.com/', 'shop': 'alcohol', 'opening_hours': 'We-Th 15:00-21:00; Fr 15:00-22:00; Sa 12:00-22:00; Su 12:00-19:00', 'outdoor_seating': 'no', 'addr:street': 'Powell Street', 'addr:city': 'Vancouver'}"
370,49.103775,-122.8006309,2019-07-06T04:35:48.000-07:00,entertainment,Big Ridge Brewing Company,"{'wheelchair': 'yes', 'addr:housenumber': '5580', 'website': 'http://mjg.ca/big-ridge/', 'shop': 'alcohol', 'phone': '+1-604-574-2739', 'addr:street': '152 Street', 'addr:city': 'Surrey'}"
371,49.2663063,-123.1380996,2019-09-02T22:08:25.000-07:00,entertainment,Miraj Hammam Spa,"{'opening_hours': 'Tu-We 11:00-19:00, Th 12:00-15:00, Fr 12:00-20:00, Sa 10:00-18:00 ""women""; Th 16:00-20:00, Su 14:00-18:00 ""men""', 'addr:housenumber': '1495', 'addr:street': 'West 6th Avenue'}"
372,49.2707965,-123.1362969,2019-03-19T06:05:04.000-07:00,entertainment,The Improv Center,"{'addr:housenumber': '1502', 'website': 'https://www.vtsl.com/', 'addr:street': 'Duranleau Street', 'phone': '+1-604-280-4444'}"
373,49.0475966,-122.2919218,2018-06-20T15:10:40.000-07:00,entertainment,Yuk Yuk's,"{'description': 'International Stand-Up Comedy', 'alt_name': ""Mike Breslin's Yuk Yuk's Comedy Club"", 'website': 'https://www.yukyuks.com/index.cfm?action=mobile.club&venueID=4108', 'theatre:genre': 'stand_up_comedy', 'phone': '+1-604-746-4488'}"
374,49.3375182,-123.1013939,2015-05-15T03:59:53.000-07:00,entertainment,4 Cats Arts Studio,{'level': '1'}
375,49.332636,-123.0893218,2014-04-15T01:16:40.000-07:00,entertainment,Two Lions,{}
376,49.2481787,-122.8684462,2020-04-06T04:59:01.000-07:00,entertainment,Waterfall at Charland,"{'drinking_water': 'no', 'fountain': 'Waterfall'}"
377,49.2823155,-122.8258606,2019-09-13T13:56:49.000-07:00,entertainment,St. James Well Pub,"{'addr:housenumber': '248', 'brewery': 'Guinness;various', 'description': 'Pub food menu, TV Sports', 'outdoor_seating': 'yes', 'addr:street': 'Newport Drive', 'addr:postcode': 'V3H 5B9', 'addr:city': 'Port Moody'}"
378,49.2797453,-122.9168914,2020-06-03T04:31:49.000-07:00,entertainment,Images Theatre,{}
379,49.2689758,-123.1406452,2020-03-05T00:22:56.000-08:00,entertainment,Indian Summer Festival,"{'addr:province': 'BC', 'addr:housenumber': '1880', 'addr:country': 'CA', 'addr:street': 'Fir Street', 'addr:postcode': 'V6J 3B1', 'addr:unit': '#201', 'addr:city': 'Vancouver'}"
380,49.1999327,-122.9117725,2017-01-04T21:19:21.000-08:00,entertainment,Paddlewheeler Pub,"{'addr:housenumber': '126-810', 'website': 'http://paddlewheelerpub.ca/', 'phone': '+1-604-524-1894', 'level': '1', 'outdoor_seating': 'yes', 'addr:street': 'Quayside Drive'}"
381,49.2005685,-122.9136462,2020-01-08T23:16:32.000-08:00,entertainment,Landmark Cinemas,"{'addr:housenumber': '800', 'website': 'https://www.landmarkcinemas.com/showtimes/new-westminster', 'addr:street': 'Carnarvon Street', 'phone': '+1-604-521-6564'}"
382,49.2811013,-123.0983698,2019-03-19T04:32:37.000-07:00,entertainment,The Rickshaw,"{'addr:housenumber': '254', 'website': 'http://rickshawtheatre.com', 'phone': '+1-604-681-8915', 'addr:street': 'East Hastings Street', 'addr:postcode': 'V6A 1P1', 'wikidata': 'Q38378234', 'addr:city': 'Vancouver'}"
383,49.2786444,-122.8532554,2019-10-15T04:24:52.000-07:00,entertainment,The Bakery Tasting Room,"{'opening_hours': 'Mo-Th 13:00-22:00; Fr 12:00-23:00; Sa 11:00-23:00; Su 12:00-21:00', 'shop': 'alcohol', 'outdoor_seating': 'yes', 'phone': '+1-604-492-4905', 'email': 'beer@thebakerybrewing.com'}"
384,49.2704435,-123.135278,2019-03-19T01:50:52.000-07:00,entertainment,Carousel Theatre,"{'addr:housenumber': '1411', 'website': 'https://www.carouseltheatre.ca/', 'addr:street': 'Cartwright Street', 'phone': '+1-604-685-6217'}"
385,49.3252622,-123.1426122,2020-05-29T04:38:32.000-07:00,entertainment,The Village Taphouse,{}
386,49.2768589,-123.0725838,2019-02-14T10:08:44.000-08:00,entertainment,Vancouver Hack Space,"{'addr:housenumber': '1601', 'website': 'https://vanhack.ca', 'addr:street': 'Venables Street', 'addr:postcode': 'V5L 2H1', 'leisure': 'hackerspace'}"
387,49.21633,-122.9846623,2019-07-01T01:00:58.000-07:00,entertainment,Michael J. Fox Theatre,"{'wheelchair': 'yes', 'addr:housenumber': '7373', 'website': 'https://www.michaeljfoxtheatre.ca/', 'phone': '+1-604-664-8875', 'addr:street': 'MacPherson Avenue', 'addr:postcode': 'V5J 2B7', 'addr:city': 'Burnaby'}"
388,49.2487411,-122.8672207,2010-12-26T11:26:03.000-08:00,entertainment,John B Pub,{}
389,49.2826657,-122.8269784,2019-09-13T13:56:49.000-07:00,entertainment,Brown's Social House,"{'addr:housenumber': '215', 'brewery': 'Guinness;various', 'outdoor_seating': 'yes', 'addr:street': 'Newport Drive', 'addr:postcode': 'V3H 5B9', 'addr:city': 'Port Moody'}"
