,lat,lon,timestamp,amenity,name,tags
0,49.264041399999996,-123.1534072,2019-08-29T18:50:05.000-07:00,transportation,Shell,"{'brand:wikidata': 'Q154950', 'addr:housenumber': '2103', 'website': 'https://www.shell.ca/', 'brand:wikipedia': 'en:Royal Dutch Shell', 'fuel:octane_91': 'yes', 'fuel:octane_89': 'yes', 'addr:street': 'West Broadway', 'fuel:diesel': 'yes', 'brand': 'Shell', 'fuel:octane_87': 'yes', 'operator': 'Shell'}"
1,49.2760753,-123.1271668,2015-10-26T07:17:38.000-07:00,transportation,Hertz,"{'parking': 'underground', 'access': 'customers'}"
2,49.3285566,-123.1571712,2019-12-28T18:04:08.000-08:00,transportation,Esso,"{'brand:wikidata': 'Q867662', 'brand': 'Esso', 'brand:wikipedia': 'en:Esso'}"
3,49.3279474,-123.1563947,2008-11-10T05:46:54.000-08:00,transportation,Petro Canada,{'created_by': 'Potlatch 0.10f'}
4,49.3278833,-123.1519451,2008-11-14T05:58:14.000-08:00,transportation,Shell,{'created_by': 'Potlatch 0.10f'}
5,49.1922556,-123.091042,2019-05-29T17:42:02.000-07:00,transportation,Chevron,"{'brand:wikidata': 'Q319642', 'addr:housenumber': '12011', 'addr:street': 'Bridgeport Road', 'brand': 'Chevron', 'brand:wikipedia': 'en:Chevron Corporation'}"
6,49.2724874,-123.1056477,2020-03-31T01:00:27.000-07:00,transportation,Village Dock,"{'public_transport': 'stop_position', 'operator': 'Aquabus & False Creek Ferries', 'ferry': 'yes'}"
7,49.155881,-123.1369787,2020-04-17T20:57:09.000-07:00,transportation,Chevron,"{'brand:wikidata': 'Q319642', 'addr:housenumber': '7951', 'addr:street': 'No. 3 Road', 'brand': 'Chevron', 'brand:wikipedia': 'en:Chevron Corporation'}"
8,49.147988,-123.136335,2017-02-20T06:56:21.000-08:00,transportation,Esso,"{'addr:housenumber': '9000', 'addr:street': 'No. 3 Road'}"
9,49.2022069,-123.1341593,2019-02-20T02:36:05.000-08:00,transportation,Wicked Camper Van,"{'addr:housenumber': '1295', 'website': 'https://www.wickedcampers.ca/', 'addr:street': 'West 75th Avenue'}"
10,49.2777729,-123.1208527,2016-08-19T18:55:24.000-07:00,transportation,Nelson & Richards,"{'ref': '0079', 'capacity': '30', 'network': 'Mobi'}"
11,49.2667096,-123.1048197,2016-08-20T04:15:34.000-07:00,transportation,Ontario & 5th,"{'ref': '0073', 'capacity': '18', 'network': 'Mobi'}"
12,49.1040005,-122.8016417,2017-01-30T05:25:37.000-08:00,transportation,Shell,"{'addr:housenumber': '15184', 'addr:street': 'Highway 10'}"
13,49.1332441,-122.8460098,2019-08-24T00:12:34.000-07:00,transportation,Esso,"{'brand:wikidata': 'Q867662', 'addr:housenumber': '7195', 'addr:street': 'King George Boulevard', 'brand': 'Esso', 'brand:wikipedia': 'en:Esso'}"
14,49.1989933,-122.8082328,2018-03-19T01:44:34.000-07:00,transportation,Fas Gas Plus,"{'fuel:gasoline': 'yes', 'addr:housenumber': '14935', 'website': 'http://fasgas.ca/', 'phone': '+1-604-588-8646', 'addr:street': '108 Avenue', 'fuel:propane': 'yes'}"
15,49.2871914,-123.1129258,2016-08-11T22:47:16.000-07:00,transportation,Canada Place,"{'ref': '0014', 'capacity': '22', 'network': 'Mobi'}"
16,49.2796591,-123.1162932,2016-08-11T23:07:27.000-07:00,transportation,Homer & Robson,"{'ref': '0025', 'capacity': '20', 'network': 'Mobi'}"
17,49.2665308,-123.1159521,2010-03-04T20:01:07.000-08:00,transportation,Free & Safe Bicycle Parking,{'url': 'http://www.thebicyclevalet.com'}
18,49.2823937,-123.1185854,2016-08-12T17:32:04.000-07:00,transportation,Granville & Georgia,"{'ref': '0015', 'capacity': '20', 'network': 'Mobi'}"
19,49.2797995,-123.1079267,2016-08-13T02:21:37.000-07:00,transportation,Keefer & Abbott,"{'ref': '0053', 'capacity': '28', 'network': 'Mobi'}"
20,49.2656102,-123.1525342,2016-08-14T04:32:35.000-07:00,transportation,7th & Arbutus,"{'ref': '0109', 'capacity': '16', 'network': 'Mobi'}"
21,49.2650786,-123.1194282,2016-08-14T04:32:37.000-07:00,transportation,Heather & 7th,"{'ref': '0081', 'capacity': '18', 'network': 'Mobi'}"
22,49.2682673,-123.1478672,2016-08-14T04:32:34.000-07:00,transportation,Cypress & 4th,"{'ref': '0076', 'capacity': '18', 'network': 'Mobi'}"
23,49.2642151,-123.1178195,2016-08-14T04:32:37.000-07:00,transportation,8th & Ash,"{'ref': '0008', 'capacity': '16', 'network': 'Mobi'}"
24,49.2587688,-123.1152956,2016-08-14T04:32:36.000-07:00,transportation,14th & Cambie,"{'ref': '0072', 'capacity': '14', 'network': 'Mobi'}"
25,49.2631449,-123.1241301,2016-08-14T04:32:36.000-07:00,transportation,Laurel & Broadway,"{'ref': '0080', 'capacity': '14', 'network': 'Mobi'}"
26,49.2896124,-123.1321458,2016-08-14T22:57:16.000-07:00,transportation,Cardero & Robson,"{'ref': '0041', 'capacity': '14', 'network': 'Mobi'}"
27,49.2911956,-123.1352164,2016-08-14T22:57:17.000-07:00,transportation,Robson & Denman,"{'ref': '0033', 'capacity': '28', 'network': 'Mobi'}"
28,49.2881444,-123.1320198,2016-08-14T22:57:17.000-07:00,transportation,Nicola & Robson,"{'ref': '0096', 'capacity': '18', 'network': 'Mobi'}"
29,49.2860026,-123.116602,2016-11-17T21:12:41.000-08:00,transportation,Hornby & Pender,"{'ref': '0024', 'operator': 'Vancouver Bike Share', 'capacity': '22', 'network': 'Mobi'}"
30,49.2826816,-123.107005,2016-08-11T22:47:15.000-07:00,transportation,Abbott & Cordova,"{'ref': '0030', 'capacity': '14', 'network': 'Mobi'}"
31,49.2738549,-123.114558,2016-11-09T18:22:19.000-08:00,transportation,Marinaside & Cooperage,"{'ref': '0057', 'capacity': '26', 'network': 'Mobi'}"
32,49.2606046,-123.1134246,2016-11-09T18:22:19.000-08:00,transportation,12th & Yukon,"{'ref': '0007', 'capacity': '16', 'network': 'Mobi'}"
33,49.2695442,-123.1378336,2016-08-11T22:47:15.000-07:00,transportation,Anderson & 2nd,"{'ref': '0066', 'capacity': '28', 'network': 'Mobi'}"
34,49.2774968,-123.1142367,2016-08-12T05:24:36.000-07:00,transportation,Beatty & Robson,"{'ref': '0026', 'capacity': '20', 'network': 'Mobi'}"
35,49.2782142,-123.1186318,2016-08-12T05:24:38.000-07:00,transportation,Homer & Smithe,"{'ref': '0058', 'capacity': '18', 'network': 'Mobi'}"
36,49.2761354,-123.1145509,2016-10-06T00:47:43.000-07:00,transportation,Expo & Smithe,"{'ref': '0064', 'capacity': '16', 'network': 'Mobi'}"
37,49.2761513,-123.1238954,2016-08-12T05:24:39.000-07:00,transportation,Richards & Davie,"{'ref': '0082', 'capacity': '14', 'network': 'Mobi'}"
38,49.2765028,-123.1189009,2017-07-26T23:00:30.000-07:00,transportation,Nelson & Mainland,"{'ref': '0078', 'capacity': '30', 'network': 'Mobi'}"
39,49.1739429,-122.6673184,2016-10-24T00:20:00.000-07:00,transportation,Chevron Truck Stop,{'name:en': 'Chevron Truck Stop'}
40,49.2796325,-123.1150076,2016-09-27T04:32:52.000-07:00,transportation,Hamilton & Robson,"{'ref': '0125', 'capacity': '18', 'network': 'Mobi'}"
41,49.2622734,-123.12616,2016-10-14T04:05:43.000-07:00,transportation,Oak & 10th,"{'ref': '0112', 'capacity': '30', 'network': 'Mobi'}"
42,49.2617669,-123.1314892,2016-10-14T04:05:44.000-07:00,transportation,Alder & 11th,"{'ref': '0166', 'capacity': '14', 'network': 'Mobi'}"
43,49.1765132,-122.6697632,2016-10-17T21:49:26.000-07:00,transportation,Truck Wash & DAI Scale,{'name:en': 'Truck Wash & DAI Scale'}
44,49.1624419,-122.6539,2019-09-23T20:13:22.000-07:00,transportation,Chevron,"{'brand:wikidata': 'Q319642', 'addr:housenumber': '20522', 'brand:wikipedia': 'en:Chevron Corporation', 'name:en': 'Chevron', 'addr:street': '88 Avenue', 'brand': 'Chevron'}"
45,49.2652855,-123.1381984,2016-09-18T03:32:14.000-07:00,transportation,7th & Granville,"{'ref': '0069', 'capacity': '24', 'network': 'Mobi'}"
46,49.2702121,-123.1051586,2016-10-01T18:17:58.000-07:00,transportation,1st & Ontario,"{'ref': '0174', 'capacity': '32', 'network': 'Mobi'}"
47,49.2584001,-123.1008106,2019-09-09T20:46:47.000-07:00,transportation,14th & Main,"{'ref': '0134', 'capacity': '16', 'network': 'Mobi'}"
48,49.2702092,-123.1091321,2018-07-25T15:54:06.000-07:00,transportation,1st & Columbia,"{'ref': '0173', 'capacity': '16', 'network': 'Mobi'}"
49,49.2857921,-123.1209655,2016-08-13T02:26:09.000-07:00,transportation,Burrard Station,"{'ref': '0002', 'capacity': '46', 'network': 'Mobi'}"
50,49.2780649,-123.1305066,2017-12-22T03:57:10.000-08:00,transportation,Burrard & Drake,"{'ref': '0089', 'capacity': '24', 'network': 'Mobi'}"
51,49.2806129,-123.1247806,2017-03-29T04:26:39.000-07:00,transportation,Horny & Nelson,"{'ref': '0037', 'capacity': '18', 'network': 'Mobi'}"
52,49.2802916,-123.1176938,2017-02-17T22:33:10.000-08:00,transportation,Richards & Robson,"{'ref': '0129', 'capacity': '26', 'network': 'Mobi'}"
53,49.2799185,-123.1274469,2019-08-19T00:30:16.000-07:00,transportation,Helmcken & Burrard,"{'ref': '0039', 'fee': 'yes', 'capacity': '15', 'network': 'Mobi'}"
54,49.2874692,-123.1420781,2016-08-11T22:47:16.000-07:00,transportation,Davie & Beach,"{'ref': '0028', 'capacity': '30', 'network': 'Mobi'}"
55,49.2858689,-123.1272595,2016-08-11T22:47:16.000-07:00,transportation,Bute & Robson,"{'ref': '0036', 'capacity': '26', 'network': 'Mobi'}"
56,49.2880281,-123.1421802,2016-08-11T22:47:17.000-07:00,transportation,Morton & Denman,"{'ref': '0031', 'capacity': '26', 'network': 'Mobi'}"
57,49.2885183,-123.1393327,2016-08-11T22:47:16.000-07:00,transportation,Comox & Denman,"{'ref': '0032', 'capacity': '18', 'network': 'Mobi'}"
58,49.1488497,-122.939689,2019-10-28T15:41:35.000-07:00,transportation,Petro Pass,"{'addr:housenumber': '10178', 'phone': '+1-604-581-3835', 'addr:street': 'Nordel Court', 'addr:postcode': 'V4G 1J7', 'operator': 'Petro Canada', 'addr:city': 'Delta'}"
59,49.2092186,-123.1161245,2019-05-29T17:56:38.000-07:00,transportation,Marine Drive Station,"{'bus': 'yes', 'name:en': 'Marine Drive Station', 'public_transport': 'station'}"
60,49.2871315,-123.1186171,2016-10-08T03:33:24.000-07:00,transportation,Pender & Burrard,"{'ref': '0016', 'capacity': '26', 'network': 'Mobi'}"
61,49.2397524,-123.0656589,2017-02-07T17:33:03.000-08:00,transportation,Husky,"{'description': 'Has diesel', 'addr:housenumber': '4933', 'addr:street': 'Victoria Drive', 'fuel:diesel': 'yes'}"
62,49.2453441,-123.0647227,2020-04-02T18:38:00.000-07:00,transportation,Esso,"{'brand:wikidata': 'Q867662', 'addr:housenumber': '2001', 'addr:street': 'Kingsway', 'brand': 'Esso', 'brand:wikipedia': 'en:Esso'}"
63,49.2193128,-122.9681719,2019-06-29T22:44:48.000-07:00,transportation,Super Save Gas,"{'self_service': 'yes', 'brand': 'Super Save Gas Station'}"
64,49.2228235,-122.9827846,2019-06-29T22:44:48.000-07:00,transportation,Super Save Gas,"{'self_service': 'yes', 'brand': 'Super Save Gas Station'}"
65,49.2250307,-123.065343,2019-11-07T20:49:05.000-08:00,transportation,Petro-Canada,"{'brand:wikidata': 'Q1208279', 'addr:housenumber': '6502', 'addr:street': 'Victoria Drive', 'brand': 'Petro-Canada', 'brand:wikipedia': 'en:Petro-Canada'}"
66,49.2249906,-123.0543585,2019-11-07T19:56:30.000-08:00,transportation,Chevron,"{'brand:wikidata': 'Q319642', 'brand': 'Chevron', 'brand:wikipedia': 'en:Chevron Corporation'}"
67,49.2179211,-123.0774439,2020-01-02T00:34:31.000-08:00,transportation,Chevron,"{'brand:wikidata': 'Q319642', 'addr:housenumber': '7309', 'brand:wikipedia': 'en:Chevron Corporation', 'opening_hours': '24/7', 'addr:street': 'Knight Street', 'brand': 'Chevron'}"
68,49.218387,-123.0766722,2019-08-11T00:05:00.000-07:00,transportation,Petro-Canada,"{'brand:wikidata': 'Q1208279', 'addr:housenumber': '7282', 'brand:wikipedia': 'en:Petro-Canada', 'opening_hours': '24/7', 'addr:street': 'Knight Street', 'brand': 'Petro-Canada'}"
69,49.2371905,-123.0650559,2010-04-25T05:16:27.000-07:00,transportation,Chevron,{}
70,49.1888966,-122.8488844,2020-02-12T04:11:16.000-08:00,transportation,Surrey Central Bus Loop,"{'bus': 'yes', 'shelter': 'yes', 'public_transport': 'station', 'operator': 'Translink'}"
71,49.3095361,-123.0838831,2020-03-25T06:16:23.000-07:00,transportation,Lonsdale Quay,"{'wheelchair': 'yes', 'ferry': 'yes', 'public_transport': 'station', 'wikipedia': 'en:Lonsdale Quay (TransLink)', 'cargo': 'passengers', 'wikidata': 'Q28233228'}"
72,49.2195596,-122.9717593,2019-06-14T03:12:10.000-07:00,transportation,Mr. Rent a Car,{'name:en': 'Mr. Renta a Car'}
73,49.2578875,-123.0331989,2020-02-10T19:35:16.000-08:00,transportation,Esso,"{'brand:wikidata': 'Q867662', 'brand': 'Esso', 'brand:wikipedia': 'en:Esso'}"
74,49.285214,-123.1112924,2019-07-29T06:13:59.000-07:00,transportation,Zipcar,"{'brand:wikidata': 'Q1069924', 'brand': 'Zipcar', 'brand:wikipedia': 'en:Zipcar', 'capacity': '2'}"
75,49.2846283,-123.1086152,2016-10-06T00:50:01.000-07:00,transportation,Cambie & Water,"{'ref': '0052', 'capacity': '32', 'network': 'Mobi'}"
76,49.2591588,-123.1482552,2016-10-01T18:17:58.000-07:00,transportation,Cypress & 14th,"{'ref': '0114', 'capacity': '20', 'network': 'Mobi'}"
77,49.2638169,-123.1052878,2016-10-06T00:46:47.000-07:00,transportation,8th & Ontario,"{'ref': '0107', 'capacity': '14', 'network': 'Mobi'}"
78,49.2744594,-123.1217156,2019-11-24T03:36:40.000-08:00,transportation,Yaletown-Roundhouse Station,"{'ref': '0004', 'fee': 'no', 'capacity': '16', 'network': 'Mobi'}"
79,49.2793015,-123.1017685,2016-12-03T03:35:47.000-08:00,transportation,Keefer & Columbia,"{'ref': '0055', 'capacity': '14', 'network': 'Mobi'}"
80,49.2625924,-123.13888,2016-12-03T22:03:09.000-08:00,transportation,10th & Granville,"{'ref': '0070', 'capacity': '24', 'network': 'Mobi'}"
81,49.2622196,-123.1093161,2016-12-03T22:03:10.000-08:00,transportation,10th & Columbia,"{'ref': '0172', 'capacity': '14', 'network': 'Mobi'}"
82,49.2849952,-123.0643845,2019-09-24T20:02:05.000-07:00,transportation,Husky,"{'brand:wikidata': 'Q702049', 'brand': 'Husky', 'brand:wikipedia': 'en:Husky Energy'}"
83,49.2294824,-123.0021366,2019-05-27T03:58:20.000-07:00,transportation,Avis,"{'brand:wikidata': 'Q791136', 'name:en': 'Avis', 'brand': 'Avis', 'brand:wikipedia': 'en:Avis Car Rental'}"
84,49.285273,-123.1417873,2016-09-17T00:05:15.000-07:00,transportation,Bidwell & Beach,"{'ref': '0060', 'capacity': '26', 'network': 'Mobi'}"
85,49.2727532,-123.1477204,2019-07-01T06:23:50.000-07:00,transportation,Cypress & Cornwall,"{'ref': '0065', 'capacity': '22', 'network': 'Mobi'}"
86,49.2589687,-123.1393495,2016-10-02T20:16:19.000-07:00,transportation,14th & Granville,"{'ref': '0071', 'capacity': '14', 'network': 'Mobi'}"
87,49.2666646,-123.1124352,2016-10-13T22:59:58.000-07:00,transportation,5th & Yukon,"{'ref': '0171', 'capacity': '14', 'network': 'Mobi'}"
88,49.277114,-123.1225231,2016-10-02T20:16:19.000-07:00,transportation,Richards & Helmcken,"{'ref': '0138', 'capacity': '18', 'network': 'Mobi'}"
89,49.1765729,-122.6688965,2016-10-02T20:56:18.000-07:00,transportation,Driving Force (Truck Rental),{'name:en': 'Driving Force (Truck Rental)'}
90,49.1626075,-122.6600762,2019-09-23T20:13:22.000-07:00,transportation,Esso,"{'brand:wikidata': 'Q867662', 'addr:housenumber': '20250', 'brand:wikipedia': 'en:Esso', 'name:en': 'Esso', 'addr:street': '88 Avenue', 'brand': 'Esso'}"
91,49.1981773,-123.1365546,2017-02-22T15:48:39.000-08:00,transportation,Richmond Marina Chevron,"{'addr:housenumber': '7891', 'name:en': 'Richmond Marina Chevron', 'addr:street': 'Grauer Road', 'operator': 'Chevron'}"
92,49.2871811,-123.1130019,2013-08-03T01:48:57.000-07:00,transportation,Taxi,{}
93,49.104474,-122.737729,2017-02-25T21:54:32.000-08:00,transportation,Husky Gas Station,"{'addr:housenumber': '5604', 'alt_name': 'Husky', 'addr:street': 'Cloverdale Bypass'}"
94,49.2890985,-123.121827,2018-08-25T07:28:03.000-07:00,transportation,Cordova & Bute,"{'ref': '0034', 'capacity': '14', 'network': 'Mobi'}"
95,49.2649024,-123.0812237,2018-04-16T00:53:15.000-07:00,transportation,Glen & 6th,"{'ref': '0237', 'capacity': '20', 'network': 'Mobi'}"
96,49.2614705,-123.0894872,2018-04-16T00:53:16.000-07:00,transportation,10th & Fraser,"{'ref': '0260', 'capacity': '14', 'network': 'Mobi'}"
97,49.2613191,-123.0852922,2018-04-16T00:53:16.000-07:00,transportation,St Catherines & 10th,"{'ref': '0265', 'capacity': '12', 'network': 'Mobi'}"
98,49.2621314,-123.0814885,2018-04-16T00:53:15.000-07:00,transportation,Glen & Broadway,"{'ref': '0246', 'capacity': '18', 'network': 'Mobi'}"
99,49.2623071,-123.0930671,2018-04-16T00:53:17.000-07:00,transportation,St. George & Broadway,"{'ref': '0248', 'capacity': '14', 'network': 'Mobi'}"
100,49.1840867,-123.1368062,2017-02-22T15:46:51.000-08:00,transportation,DOMO,"{'addr:housenumber': '4071', 'addr:street': 'Number 3 Road'}"
101,49.0899558,-123.0789546,2019-06-06T07:44:09.000-07:00,transportation,Chevron,"{'brand:wikidata': 'Q319642', 'addr:housenumber': '5206', 'addr:street': 'Ladner Trunk Road', 'brand': 'Chevron', 'brand:wikipedia': 'en:Chevron Corporation'}"
102,49.0904492,-123.077525,2019-06-06T07:44:09.000-07:00,transportation,Shell,"{'brand:wikidata': 'Q154950', 'brand': 'Shell', 'brand:wikipedia': 'en:Royal Dutch Shell'}"
103,49.2342169,-123.1276449,2019-08-29T17:49:06.000-07:00,transportation,Petro-Canada,"{'brand:wikidata': 'Q1208279', 'addr:housenumber': '5680', 'addr:street': 'Oak Street', 'brand': 'Petro-Canada', 'brand:wikipedia': 'en:Petro-Canada'}"
104,49.2198543,-123.0656999,2019-07-04T05:52:54.000-07:00,transportation,54th Avenue Loop,"{'bus': 'yes', 'website': 'https://translink.ca/', 'ref': '61800', 'public_transport': 'station'}"
105,49.2138295,-123.1406243,2019-05-29T17:48:57.000-07:00,transportation,63rd Avenue Loop,"{'bus': 'yes', 'addr:housenumber': '7907', 'website': 'https://translink.ca/', 'phone': '+1-604-953-3333', 'public_transport': 'station', 'addr:street': 'Granville Street'}"
106,49.2101764,-123.0647767,2019-05-29T17:56:38.000-07:00,transportation,Harrison Loop,"{'bus': 'yes', 'website': 'https://translink.ca/', 'public_transport': 'station'}"
107,49.2476906,-122.8951244,2016-06-07T21:04:53.000-07:00,transportation,Lougheed Station,{}
108,49.2700185,-123.1001259,2020-05-07T03:39:01.000-07:00,transportation,1st & Main,"{'ref': '0197', 'capacity': '20', 'network': 'Mobi'}"
109,49.2717489,-123.1554804,2017-02-24T07:38:46.000-08:00,transportation,York & Yew,"{'ref': '0204', 'capacity': '20', 'network': 'Mobi'}"
110,49.0587735,-122.3803677,2017-11-24T12:59:42.000-08:00,transportation,Park N Ride,"{'park_ride': 'bus', 'access': 'permissive', 'level': '0', 'covered': 'yes', 'fee': 'no'}"
111,49.253675,-123.0019644,2017-08-21T18:10:44.000-07:00,transportation,Motorcycle,{}
112,49.25402,-122.9998849,2017-08-15T19:32:18.000-07:00,transportation,Motorcycle,{}
113,49.2492128,-123.0001257,2017-08-15T19:32:17.000-07:00,transportation,Motorcycle,{}
114,49.2815126,-123.1201536,2016-10-28T23:44:33.000-07:00,transportation,Robson & Granville,"{'ref': '0063', 'capacity': '32', 'network': 'Mobi'}"
115,49.2823936,-123.1020273,2016-10-28T23:44:33.000-07:00,transportation,Cordova & Columbia,"{'ref': '0167', 'capacity': '14', 'network': 'Mobi'}"
116,49.2678774,-123.1458085,2017-12-22T03:54:12.000-08:00,transportation,Burrard & 4th,"{'ref': '0139', 'capacity': '16', 'network': 'Mobi'}"
117,49.2172533,-122.93134739999999,2019-07-10T04:41:29.000-07:00,transportation,Petro-Canada,"{'brand:wikidata': 'Q1208279', 'website': 'http://retail.petro-canada.ca/', 'brand:wikipedia': 'en:Petro-Canada', 'fuel:octane_91': 'yes', 'fuel:octane_89': 'yes', 'fuel:diesel': 'yes', 'brand': 'Petro-Canada', 'fuel:octane_87': 'yes', 'operator': 'Petro-Canada'}"
118,49.1933933,-123.1794707,2019-09-14T05:00:22.000-07:00,transportation,Avis,"{'brand:wikidata': 'Q791136', 'addr:housenumber': '3880', 'brand:wikipedia': 'en:Avis Car Rental', 'name:en': 'Avis', 'addr:street': 'Grant McConachie Way', 'brand': 'Avis'}"
119,49.2886688,-123.1182129,2016-12-14T23:36:09.000-08:00,transportation,Shaw Tower,"{'ref': '0201', 'capacity': '22', 'network': 'Mobi'}"
120,49.2820425,-123.1330451,2016-12-30T22:06:17.000-08:00,transportation,Bute & Davie,"{'ref': '0187', 'capacity': '20', 'network': 'Mobi'}"
121,49.2201737,-122.9743032,2019-07-02T01:21:58.000-07:00,transportation,Chevron,"{'brand:wikidata': 'Q319642', 'website': 'https://www.chevron.com/', 'brand': 'Chevron', 'brand:wikipedia': 'en:Chevron Corporation', 'operator': 'Chevron'}"
122,49.202934,-123.1336006,2020-02-06T01:20:21.000-08:00,transportation,Marpole Loop,"{'bus': 'yes', 'website': 'https://translink.ca/', 'public_transport': 'station', 'phone': '+1-604-953-3333'}"
123,49.2772339,-123.1296372,2017-10-04T21:06:00.000-07:00,transportation,Drake & Hornby,"{'ref': '0196', 'capacity': '22', 'network': 'Mobi'}"
124,49.17769,-122.889541,2017-02-11T02:25:22.000-08:00,transportation,Shell,"{'addr:housenumber': '9620', 'name:en': 'Shell', 'addr:street': '120 Street'}"
125,49.2631873,-123.1357151,2019-08-29T18:25:42.000-07:00,transportation,Esso,"{'brand:wikidata': 'Q867662', 'addr:housenumber': '1398', 'addr:street': 'West Broadway', 'brand': 'Esso', 'brand:wikipedia': 'en:Esso'}"
126,49.2422331,-123.0582993,2019-10-28T18:00:55.000-07:00,transportation,Petro-Canada,"{'brand:wikidata': 'Q1208279', 'brand': 'Petro-Canada', 'brand:wikipedia': 'en:Petro-Canada'}"
127,49.2220062,-123.0654991,2019-07-04T05:52:54.000-07:00,transportation,Husky,"{'brand:wikidata': 'Q702049', 'addr:housenumber': '6808', 'phone': '+1-604-327-9691', 'brand:wikipedia': 'en:Husky Energy', 'addr:street': 'Victoria Drive', 'addr:postcode': 'V5P 3Y7', 'brand': 'Husky', 'addr:city': 'Vancouver'}"
128,49.2504332,-123.1004298,2010-07-18T06:38:40.000-07:00,transportation,Sun Sui Wah Parking Entrance,{}
129,49.2713808,-123.0693525,2018-04-21T02:26:22.000-07:00,transportation,Grant & Commercial,"{'ref': '0239', 'capacity': '14', 'network': 'Mobi'}"
130,49.2641012,-123.0707016,2018-04-21T02:26:23.000-07:00,transportation,Grandview Bike Lane & Commercial,"{'ref': '0254', 'capacity': '42', 'network': 'Mobi'}"
131,49.2730625,-123.069863,2018-04-21T02:26:21.000-07:00,transportation,Charles & Commercial,"{'ref': '0235', 'capacity': '22', 'network': 'Mobi'}"
132,49.266962,-123.0700463,2018-04-21T02:26:22.000-07:00,transportation,4th & Commercial,"{'ref': '0241', 'capacity': '14', 'network': 'Mobi'}"
133,49.261412,-123.0701593,2018-04-21T02:26:24.000-07:00,transportation,10th & Commercial,"{'ref': '0244', 'capacity': '26', 'network': 'Mobi'}"
134,49.274881,-123.0692936,2018-04-21T02:26:21.000-07:00,transportation,Napier & Commercial,"{'ref': '0231', 'capacity': '14', 'network': 'Mobi'}"
135,49.2686186,-123.0700509,2018-04-21T02:26:22.000-07:00,transportation,2nd & Commercial,"{'ref': '0240', 'capacity': '22', 'network': 'Mobi'}"
136,49.2632295,-123.0704772,2018-04-21T02:26:23.000-07:00,transportation,8th & Commercial,"{'ref': '0242', 'capacity': '38', 'network': 'Mobi'}"
137,49.2211799,-122.6613658,2019-09-13T13:57:02.000-07:00,transportation,Safeway Gas Station,"{'addr:housenumber': '20201', 'addr:street': 'Dewdney Trunk Road', 'addr:city': 'Maple Ridge'}"
138,49.2202431,-122.6484044,2019-09-13T13:57:02.000-07:00,transportation,Husky,"{'addr:housenumber': '20690', 'addr:street': 'Dewdney Trunk Road', 'addr:city': 'Maple Ridge'}"
139,49.2166012,-122.6051388,2019-09-24T15:53:15.000-07:00,transportation,Chevron,"{'brand:wikidata': 'Q319642', 'addr:housenumber': '22284', 'brand:wikipedia': 'en:Chevron Corporation', 'addr:street': 'Lougheed Highway', 'brand': 'Chevron', 'addr:city': 'Maple Ridge'}"
140,49.2201857,-122.5879152,2020-04-24T01:54:00.000-07:00,transportation,Husky,"{'brand:wikidata': 'Q702049', 'addr:housenumber': '22882', 'brand:wikipedia': 'en:Husky Energy', 'addr:street': 'Dewdney Trunk Road', 'brand': 'Husky', 'addr:city': 'Maple Ridge'}"
141,49.2206631,-122.5797606,2019-12-24T04:28:28.000-08:00,transportation,Esso,"{'brand:wikidata': 'Q867662', 'addr:housenumber': '23181', 'brand:wikipedia': 'en:Esso', 'addr:street': 'Dewdney Trunk Road', 'brand': 'Esso', 'addr:city': 'Maple Ridge'}"
142,49.1109198,-122.6727619,2019-09-13T13:57:03.000-07:00,transportation,Speed Wash,"{'addr:housenumber': '19869', 'addr:street': 'Fraser Highway', 'addr:city': 'Langley'}"
143,49.3342895,-123.1157322,2012-06-16T20:34:39.000-07:00,transportation,Chevron,{}
144,49.2834259,-123.1149698,2010-05-16T17:48:48.000-07:00,transportation,Impark,{}
145,49.2802712,-123.0970897,2018-08-03T04:47:46.000-07:00,transportation,Pender & Gore,"{'ref': '0213', 'capacity': '14', 'network': 'Mobi'}"
146,49.2806434,-123.084749,2018-08-03T04:47:46.000-07:00,transportation,Campbell & Hastings,"{'ref': '0227', 'capacity': '14', 'network': 'Mobi'}"
147,49.2644331,-123.0851365,2018-08-03T04:47:47.000-07:00,transportation,St Catherines & 7th,"{'ref': '0266', 'capacity': '20', 'network': 'Mobi'}"
148,49.2635225,-123.0956253,2018-08-03T04:47:48.000-07:00,transportation,8th & Prince Edward,"{'ref': '0262', 'capacity': '18', 'network': 'Mobi'}"
149,49.2673905,-123.0907632,2018-08-03T04:47:48.000-07:00,transportation,Carolina & Great Northern Way,"{'ref': '0287', 'capacity': '16', 'network': 'Mobi'}"
150,49.2546874,-123.1013355,2018-08-03T04:47:48.000-07:00,transportation,18th & Main,"{'ref': '0255', 'capacity': '16', 'network': 'Mobi'}"
151,49.258781,-123.1271099,2018-08-03T04:47:49.000-07:00,transportation,14th & Oak,"{'ref': '0202', 'capacity': '14', 'network': 'Mobi'}"
152,49.2876362,-123.1272215,2018-08-03T04:47:49.000-07:00,transportation,Alberni & Jervis,"{'ref': '0207', 'capacity': '14', 'network': 'Mobi'}"
153,49.2745077,-123.1163648,2019-07-29T06:13:22.000-07:00,transportation,Zipcar,"{'brand:wikidata': 'Q1069924', 'brand': 'Zipcar', 'brand:wikipedia': 'en:Zipcar', 'capacity': '4'}"
154,49.2695376,-123.1035172,2019-07-29T06:13:15.000-07:00,transportation,Zipcar,"{'brand:wikidata': 'Q1069924', 'brand': 'Zipcar', 'brand:wikipedia': 'en:Zipcar', 'capacity': '2'}"
155,49.1488614,-122.8899519,2019-06-24T21:43:20.000-07:00,transportation,Petro-Canada,"{'brand:wikidata': 'Q1208279', 'name:en': 'Petro Canada', 'brand': 'Petro-Canada', 'brand:wikipedia': 'en:Petro-Canada'}"
156,49.2814129,-123.1161159,2019-12-09T03:39:16.000-08:00,transportation,Pacific Car Rentals,"{'opening_hours': 'Mo-Sa 08:00-18:00; Su 09:00-17:00', 'addr:housenumber': '501', 'addr:street': 'West Georgia Street'}"
157,49.266316,-123.1161009,2019-04-27T02:49:46.000-07:00,transportation,Olympic Village Station,"{'alt_name': '2nd & Cambie', 'ref': '0006', 'capacity': '26', 'network': 'Mobi'}"
158,49.2635448,-123.1480813,2016-11-03T18:50:30.000-07:00,transportation,Cypress & Broadway,"{'ref': '0068', 'capacity': '16', 'network': 'Mobi'}"
159,49.2739052,-123.0968575,2018-03-18T06:09:46.000-07:00,transportation,Vancouver Main Terminal,"{'addr:housenumber': '1150', 'addr:street': 'Station Street', 'addr:city': 'Vancouver'}"
160,49.0451961,-122.8016529,2019-09-13T13:57:05.000-07:00,transportation,Esso,"{'brand:wikidata': 'Q867662', 'addr:housenumber': '2377', 'brand:wikipedia': 'en:Esso', 'addr:street': '152 Street', 'brand': 'Esso', 'addr:city': 'Surrey'}"
161,49.0452898,-122.7923605,2019-09-13T13:57:05.000-07:00,transportation,Esso,"{'brand:wikidata': 'Q867662', 'addr:housenumber': '2360', 'brand:wikipedia': 'en:Esso', 'addr:street': 'King George Boulevard', 'brand': 'Esso', 'addr:city': 'Surrey'}"
162,49.1665581,-122.581585,2019-10-27T21:56:14.000-07:00,transportation,Husky,"{'brand:wikidata': 'Q702049', 'addr:housenumber': '9026', 'addr:street': 'Glover Road', 'brand': 'Husky', 'brand:wikipedia': 'en:Husky Energy'}"
163,49.0399307,-122.2761538,2018-02-09T04:59:50.000-08:00,transportation,The Detail Shop,"{'website': 'http://www.detailshop.ca', 'shop': 'car_repair', 'phone': '+1-604-746-9274', 'opening_hours': 'Tu-Sa 08:30-17:00', 'description': 'Auto Detailing & Glass Repair', 'addr:unit': '20'}"
164,49.2589484,-123.152613,2020-06-23T19:50:12.000-07:00,transportation,Arbutus Greenway & 14th,"{'ref': '0152', 'capacity': '20', 'network': 'Mobi'}"
165,49.2683741,-123.1574339,2016-11-06T22:59:03.000-08:00,transportation,Vine & 4th,"{'ref': '0159', 'capacity': '18', 'network': 'Mobi'}"
166,49.2827328,-123.1220614,2016-11-09T21:00:27.000-08:00,transportation,Robson & Hornby,"{'ref': '0019', 'capacity': '30', 'network': 'Mobi'}"
167,49.267121,-123.1093779,2016-11-10T06:29:44.000-08:00,transportation,Columbia & 4th,"{'ref': '0165', 'capacity': '18', 'network': 'Mobi'}"
168,49.267233,-123.1531863,2016-11-10T06:29:44.000-08:00,transportation,5th & Arbutus,"{'ref': '0110', 'capacity': '16', 'network': 'Mobi'}"
169,49.2461569,-123.0027329,2017-08-23T22:17:22.000-07:00,transportation,Residence Parking,{}
170,49.2860549,-123.1241903,2017-06-15T02:52:31.000-07:00,transportation,Georgia & Thurlow,"{'ref': '0123', 'capacity': '12', 'network': 'Mobi'}"
171,49.0283218,-123.09698,2019-01-14T06:27:29.000-08:00,transportation,Petro Canada,"{'addr:housenumber': '1406', 'fuel': 'gas;diesel', 'description': 'Source: http://tsawwassenfirstnation.com', 'addr:street': 'Tsawwassen Drive', 'brand': 'Petro Canada', 'opening_date': '2019-01-17'}"
172,49.282534,-123.1018683,2015-10-07T18:53:50.000-07:00,transportation,EasyPark,"{'parking': 'multi-storey', 'addr:housenumber': '107', 'supervised': 'no', 'access': 'customers', 'addr:street': 'East Cordova Street', 'operator': 'EasyPark', 'addr:city': 'Vancouver', 'capacity': '376'}"
173,49.2881158,-123.1407875,2019-07-29T06:13:49.000-07:00,transportation,Zipcar,"{'brand:wikidata': 'Q1069924', 'brand': 'Zipcar', 'brand:wikipedia': 'en:Zipcar', 'capacity': '1'}"
174,49.2831979,-123.1204825,2017-11-20T19:58:10.000-08:00,transportation,Vancouver Art Gallery - North Plaza,"{'ref': '0099', 'capacity': '28', 'network': 'Mobi'}"
175,49.2724851,-123.133943,2020-03-27T17:40:40.000-07:00,transportation,Granville Island Terminal (Aquabus),"{'public_transport': 'stop_position', 'operator': 'Aquabus', 'ferry': 'yes'}"
176,49.2710109,-123.1155125,2020-03-27T17:40:40.000-07:00,transportation,Spyglass Dock,"{'public_transport': 'stop_position', 'operator': 'Aquabus & False Creek Ferries', 'ferry': 'yes'}"
177,49.2789725,-123.111173,2017-06-05T01:28:57.000-07:00,transportation,Costco Parking,{'access': 'permissive'}
178,49.2676184,-123.1277051,2018-03-17T03:24:55.000-07:00,transportation,South False Creek Seawall,"{'ref': '0143', 'capacity': '14', 'network': 'Mobi'}"
179,49.1112142,-122.7123358,2012-06-13T20:41:33.000-07:00,transportation,Temo - Clover Hill Market,{'source': 'local_knowledge'}
180,49.3759414,-123.2716129,2020-03-27T17:01:50.000-07:00,transportation,Horseshoe Bay Berth 2,"{'wheelchair': 'yes', 'addr:housenumber': '6750', 'website': 'http://www.bcferries.com', 'internet_access': 'wlan', 'phone': '+1-888-223-3779', 'ferry': 'yes', 'public_transport': 'stop_position', 'addr:street': 'Keith Road', 'source': 'PGS', 'operator': 'BC Ferries', 'network': 'BC Ferries'}"
181,49.2624016,-123.1274238,2019-07-29T06:13:08.000-07:00,transportation,Zipcar,"{'brand:wikidata': 'Q1069924', 'brand': 'Zipcar', 'brand:wikipedia': 'en:Zipcar'}"
182,49.2818193,-123.1155123,2019-07-29T06:36:38.000-07:00,transportation,Zipcar,"{'brand:wikidata': 'Q1069924', 'brand': 'Zipcar', 'brand:wikipedia': 'en:Zipcar', 'capacity': '3'}"
183,49.2797183,-122.8289514,2019-08-18T06:17:26.000-07:00,transportation,Suter Brook Village parking entrance,"{'parking': 'underground', 'access': 'permissive', 'layer': '-1'}"
184,49.2653522,-123.1457925,2017-12-22T03:54:12.000-08:00,transportation,Burrard & 7th,"{'ref': '0140', 'capacity': '16', 'network': 'Mobi'}"
185,49.2667647,-123.1411494,2017-08-04T17:26:12.000-07:00,transportation,Arbutus & Fir,"{'ref': '0153', 'capacity': '16', 'network': 'Mobi'}"
186,49.2374864,-122.8697626,2019-09-13T13:57:03.000-07:00,transportation,Chevron,"{'addr:housenumber': '945', 'addr:street': 'Brunette Avenue', 'operator': 'Chevron', 'addr:city': 'Coquitlam'}"
187,49.0570323,-122.4499135,2017-06-07T01:59:53.000-07:00,transportation,PF AUTO WASH,{'operator': 'Paz Fuels'}
188,49.2629314,-123.1433487,2017-04-29T03:52:47.000-07:00,transportation,Pine & 10th,"{'ref': '0205', 'capacity': '20', 'network': 'Mobi'}"
189,49.2682841,-123.1025436,2017-04-29T03:52:46.000-07:00,transportation,3rd & Quebec,"{'ref': '0119', 'capacity': '14', 'network': 'Mobi'}"
190,49.263669,-123.1524524,2017-04-29T03:52:47.000-07:00,transportation,Arbutus Greenway & Broadway,"{'ref': '0208', 'capacity': '20', 'network': 'Mobi'}"
191,49.2651767,-123.1310129,2019-06-14T04:27:30.000-07:00,transportation,7th & Alder,"{'ref': '0192', 'capacity': '16', 'network': 'Mobi'}"
192,49.2650434,-123.1237691,2019-06-14T04:27:30.000-07:00,transportation,7th & Laurel,"{'ref': '0191', 'capacity': '14', 'network': 'Mobi'}"
193,49.2707276,-123.1461997,2018-05-20T04:23:18.000-07:00,transportation,1st & Chestnut,"{'ref': '0108', 'capacity': '16', 'network': 'Mobi'}"
194,49.2705821,-123.1019511,2019-11-22T23:30:51.000-08:00,transportation,WestPark Lot 145,"{'parking': 'underground', 'access': 'yes', 'surface': 'asphalt', 'fee': 'yes', 'operator': 'WestPark', 'layer': '-1'}"
195,49.2717056,-123.1366328,2020-04-23T06:25:21.000-07:00,transportation,Vancouver Water Adventures,"{'addr:housenumber': '1812', 'website': 'https://vancouverwateradventures.com/', 'phone': '+1-604-736-5155', 'addr:street': 'Boatlift Lane', 'addr:postcode': 'V6H 3Y2', 'guide': 'boat', 'rental': 'jetski;kayak;paddleboard'}"
196,49.2604069,-123.1007569,2019-10-29T23:13:39.000-07:00,transportation,Chevron,"{'brand:wikidata': 'Q319642', 'addr:housenumber': '2748', 'addr:street': 'Main Street', 'brand': 'Chevron', 'brand:wikipedia': 'en:Chevron Corporation'}"
197,49.275335,-122.7987503,2020-01-19T19:36:30.000-08:00,transportation,Coquitlam Central,"{'bus': 'yes', 'public_transport': 'station', 'network': 'TransLink'}"
198,49.3756821,-123.2718149,2018-01-30T04:20:41.000-08:00,transportation,Horseshoe Bay,"{'ferry': 'yes', 'public_transport': 'station'}"
199,49.2877655,-123.1134374,2020-06-11T20:34:04.000-07:00,transportation,National,"{'brand:wikidata': 'Q1424142', 'official_name': 'National Car Rental', 'brand': 'National', 'brand:wikipedia': 'en:National Car Rental'}"
200,49.2877533,-123.1239048,2018-05-15T01:27:33.000-07:00,transportation,Melville & Bute,"{'ref': '0190', 'capacity': '14', 'network': 'Mobi'}"
201,49.2587815,-123.0927683,2018-07-28T05:07:16.000-07:00,transportation,13th & St. George,"{'ref': '0258', 'capacity': '16', 'network': 'Mobi'}"
202,49.2620812,-123.1018465,2018-07-28T05:07:16.000-07:00,transportation,10th & Main,"{'ref': '0074', 'capacity': '18', 'network': 'Mobi'}"
203,49.2785197,-123.1000524,2018-07-18T03:49:58.000-07:00,transportation,Georgia & Main,"{'ref': '0199', 'capacity': '20', 'network': 'Mobi'}"
204,49.0522479,-122.2310479,2010-07-20T05:05:09.000-07:00,transportation,Visitor Parking,"{'parking': 'surface', 'capacity': '5'}"
205,49.2818739,-123.1155162,2019-07-29T06:13:38.000-07:00,transportation,Zipcar,"{'brand:wikidata': 'Q1069924', 'brand': 'Zipcar', 'brand:wikipedia': 'en:Zipcar', 'capacity': '2'}"
206,49.2775903,-123.1252813,2020-03-14T21:12:37.000-07:00,transportation,Access Rent-a-car,"{'addr:province': 'BC', 'opening_hours': 'Mo-Fr 08:00-17:30; Sa 08:00-17:00; Su 08:00-15:00', 'addr:housenumber': '1146', 'addr:street': 'Granville Street', 'addr:city': 'Vancouver'}"
207,49.2752543,-123.1325611,2019-12-20T22:31:49.000-08:00,transportation,Beach & Hornby,"{'ref': '0045', 'capacity': '18', 'network': 'Mobi'}"
208,49.1911581,-122.8449407,2019-08-24T15:23:01.000-07:00,transportation,Enterprise,"{'brand:wikidata': 'Q17085454', 'official_name': 'Enterprise Rent-A-Car', 'addr:housenumber': '10376', 'website': 'https://www.enterprise.ca/', 'phone': '+1-604-581-7474', 'brand:wikipedia': 'en:Enterprise Rent-A-Car', 'addr:street': 'King George Boulevard', 'brand': 'Enterprise'}"
209,49.2598042,-122.9640537,2019-06-17T23:22:51.000-07:00,transportation,Chevron,"{'brand:wikidata': 'Q319642', 'brand': 'Chevron', 'brand:wikipedia': 'en:Chevron Corporation'}"
210,49.319628,-123.0728822,2019-07-07T22:34:44.000-07:00,transportation,Petro-Canada,"{'brand:wikidata': 'Q1208279', 'brand': 'Petro-Canada', 'brand:wikipedia': 'en:Petro-Canada'}"
211,49.2183957,-122.6529502,2017-07-31T06:48:58.000-07:00,transportation,Super Save Gas,{}
212,49.2181776,-122.6510931,2019-02-18T01:18:28.000-08:00,transportation,Chevron,"{'website': 'https://www.chevron.com/', 'fuel:diesel': 'yes', 'brand': 'Chevron', 'operator': 'Chevron'}"
213,49.2763415,-123.1271096,2019-08-29T18:06:16.000-07:00,transportation,Hertz,"{'brand:wikidata': 'Q1543874', 'addr:housenumber': '1274', 'brand:wikipedia': 'en:The Hertz Corporation', 'addr:street': 'Granville Street', 'brand': 'Hertz', 'addr:city': 'Vancouver'}"
214,49.2808952,-123.130541,2018-08-11T21:51:34.000-07:00,transportation,Thurlow & Pendrell,"{'ref': '0126', 'capacity': '16', 'network': 'Mobi'}"
215,49.2655861,-123.0251947,2019-03-19T06:10:28.000-07:00,transportation,Boundary Loop,"{'addr:housenumber': '3665', 'website': 'https://translink.ca/', 'addr:street': 'Lougheed Highway', 'phone': '+1-604-953-3333'}"
216,49.286095,-123.1132237,2018-07-24T03:48:36.000-07:00,transportation,Cordova & Granville,"{'ref': '0021', 'capacity': '22', 'network': 'Mobi'}"
217,49.2736718,-123.1022542,2018-08-29T02:59:25.000-07:00,transportation,Science World,"{'ref': '0193', 'capacity': '16', 'network': 'Mobi'}"
218,49.2801197,-123.0741648,2018-08-29T02:59:25.000-07:00,transportation,McLean & Pender,"{'ref': '0225', 'capacity': '16', 'network': 'Mobi'}"
219,49.2737663,-123.0927082,2018-08-29T02:59:25.000-07:00,transportation,Thornton & National,"{'ref': '0233', 'capacity': '14', 'network': 'Mobi'}"
220,49.2652155,-123.0906761,2018-08-29T04:39:09.000-07:00,transportation,6th & Carolina,"{'ref': '0298', 'capacity': '16', 'network': 'Mobi'}"
221,49.2652349,-123.0954559,2018-08-29T04:39:08.000-07:00,transportation,6th & Prince Edward,"{'ref': '0297', 'capacity': '16', 'network': 'Mobi'}"
222,49.2216916,-122.9903604,2018-08-16T04:45:47.000-07:00,transportation,Golden Car Wash,{}
223,49.2839768,-123.0652119,2018-08-16T06:15:26.000-07:00,transportation,Triumph & Victoria,"{'ref': '0280', 'capacity': '16', 'network': 'Mobi'}"
224,49.2832115,-123.0703905,2018-08-16T06:15:27.000-07:00,transportation,Commercial & Pandora,"{'ref': '0285', 'capacity': '16', 'network': 'Mobi'}"
225,49.2718305,-123.1043129,2016-08-12T22:18:39.000-07:00,transportation,Ontario & Seawall,"{'ref': '0011', 'operator': 'Vancouver Bike Share', 'capacity': '20', 'network': 'Mobi'}"
226,49.270861,-123.1150229,2016-08-12T22:18:39.000-07:00,transportation,Spyglass & Seawall,"{'ref': '0009', 'operator': 'Vancouver Bike Share', 'capacity': '18', 'network': 'Mobi'}"
227,49.2625027,-123.1144027,2016-08-11T22:32:59.000-07:00,transportation,10th & Cambie,"{'ref': '0001', 'operator': 'Vancouver Bike Share', 'capacity': '52', 'network': 'Mobi'}"
228,49.275649,-123.1170024,2016-08-11T23:01:23.000-07:00,transportation,Beatty & Nelson,"{'ref': '0027', 'operator': 'Vancouver Bike Share', 'capacity': '20', 'network': 'Mobi'}"
229,49.2048501,-123.1291174,2019-08-11T00:05:00.000-07:00,transportation,Enterprise,"{'brand:wikidata': 'Q17085454', 'official_name': 'Enterprise Rent-A-Car', 'brand': 'Enterprise', 'brand:wikipedia': 'en:Enterprise Rent-A-Car'}"
230,49.1333381,-122.8421186,2019-12-24T07:05:22.000-08:00,transportation,Newton Exchange,"{'bus': 'yes', 'public_transport': 'station', 'wikipedia:en': 'Newton Exchange', 'wikidata': 'Q7020228'}"
231,49.257899,-123.0438067,2019-09-23T20:24:27.000-07:00,transportation,Chevron,"{'brand:wikidata': 'Q319642', 'addr:housenumber': '2902', 'brand:wikipedia': 'en:Chevron Corporation', 'addr:street': 'Grandview Highway', 'brand': 'Chevron', 'addr:city': 'Vancouver'}"
232,49.1035992,-122.4905363,2016-10-10T22:42:32.000-07:00,transportation,Otter Coop Gas,"{'addr:housenumber': '26474', 'addr:street': '56 Avenue'}"
233,49.1984073,-122.8130073,2019-05-29T03:38:31.000-07:00,transportation,Shell,"{'brand:wikidata': 'Q154950', 'wheelchair': 'yes', 'website': 'https://www.shell.ca/', 'brand:wikipedia': 'en:Royal Dutch Shell', 'operator': 'Shell', 'fuel:gasoline': 'yes', 'addr:housenumber': '14780', 'phone': '+1-604-581-4114', 'opening_hours': '24/7', 'self_service': 'yes', 'addr:street': '108 Avenue', 'wikipedia': 'en:Shell Canada', 'wikidata': 'Q1360622', 'brand': 'Shell'}"
234,49.1931817,-122.8887327,2019-06-16T22:03:28.000-07:00,transportation,Chevron,"{'brand:wikidata': 'Q319642', 'addr:housenumber': '10398', 'addr:street': 'Scott Road', 'brand': 'Chevron', 'brand:wikipedia': 'en:Chevron Corporation'}"
235,49.2722956,-123.136955,2018-02-10T16:17:37.000-08:00,transportation,Bonnie Lee Charters,"{'addr:housenumber': '104 1676', 'website': 'http://www.bonnielee.com', 'addr:street': 'Duranleau Street', 'phone': '+1-604-290-7447'}"
236,49.2710737,-123.136511,2019-12-29T22:39:51.000-08:00,transportation,Vancouver Boat Rentals,{'phone': '+1-604-428-2628'}
237,49.1337505,-122.8908284,2019-06-25T02:54:10.000-07:00,transportation,Shell,"{'brand:wikidata': 'Q154950', 'addr:housenumber': '7165', 'addr:street': 'Scott Road', 'brand': 'Shell', 'brand:wikipedia': 'en:Royal Dutch Shell'}"
238,49.2775071,-123.0812952,2018-05-23T04:28:41.000-07:00,transportation,Glen & Union,"{'ref': '0221', 'capacity': '14', 'network': 'Mobi'}"
239,49.2743143,-123.0984626,2018-05-23T04:28:42.000-07:00,transportation,Station & National,"{'ref': '0234', 'capacity': '14', 'network': 'Mobi'}"
240,49.1932787,-123.1795173,2019-09-14T05:00:22.000-07:00,transportation,Hertz,"{'brand:wikidata': 'Q1543874', 'brand': 'Hertz', 'brand:wikipedia': 'en:The Hertz Corporation'}"
241,49.2636196,-123.099236,2017-06-02T21:59:07.000-07:00,transportation,8th & Scotia,"{'ref': '0206', 'capacity': '12', 'network': 'Mobi'}"
242,49.2655497,-123.1002412,2020-06-23T20:34:21.000-07:00,transportation,6th & Main,"{'ref': '0198', 'capacity': '16', 'network': 'Mobi'}"
243,49.2588295,-123.1313655,2017-06-02T21:59:07.000-07:00,transportation,14th & Alder,"{'ref': '0211', 'capacity': '14', 'network': 'Mobi'}"
244,49.2256203,-123.0022314,2017-10-07T13:58:30.000-07:00,transportation,Metrotown Underground Parking Entrance,"{'parking': 'underground', 'level': '-1', 'fee': 'no'}"
245,49.2681139,-123.1393199,2016-01-11T00:17:10.000-08:00,transportation,M & J Car Wash,{}
246,49.3757362,-123.2721023,2019-05-13T00:46:30.000-07:00,transportation,Horseshoe Bay Berth 1,"{'public_transport': 'stop_position', 'operator': 'BC Ferries', 'ferry': 'yes', 'network': 'BC Ferries'}"
247,49.3762688,-123.2710213,2019-05-13T00:46:30.000-07:00,transportation,Horseshoe Bay Berth 3,"{'public_transport': 'stop_position', 'operator': 'BC Ferries', 'ferry': 'yes', 'network': 'BC Ferries'}"
248,49.113659,-122.6613582,2011-06-21T18:31:31.000-07:00,transportation,Traveland RV Rentals,{'website': 'http://travelandrvcanada.com'}
249,49.2800905,-122.9681566,2019-06-08T06:29:00.000-07:00,transportation,Petro-Canada,"{'brand:wikidata': 'Q1208279', 'addr:housenumber': '6568', 'addr:street': 'Hastings Street', 'brand': 'Petro-Canada', 'brand:wikipedia': 'en:Petro-Canada'}"
250,49.2881291,-123.1160492,2019-08-29T17:32:53.000-07:00,transportation,Hertz,"{'brand:wikidata': 'Q1543874', 'name:fr': 'Hertz', 'brand': 'Hertz', 'brand:wikipedia': 'en:The Hertz Corporation'}"
251,49.2211137,-122.6574076,2013-04-09T19:40:44.000-07:00,transportation,Mac's,{}
252,49.1192924,-122.6560664,2019-09-02T22:08:26.000-07:00,transportation,Costco Gasoline,"{'brand:wikidata': 'Q715583', 'addr:housenumber': '20499', 'access': 'customers', 'brand:wikipedia': 'en:Costco', 'opening_hours': 'Mo-Fr 06:30-21:30; Sa 07:30-19:00; Su 08:00-18:00; Jan 01 off; Feb Mo[2] off; easter off; May Mo[-2] off; Jul 01 off; Sep Mo[1] off; Oct Mo[2] off; Dec 25 off', 'addr:street': '64 Avenue', 'membership': 'yes', 'brand': 'Costco Gasoline', 'operator': 'Costco'}"
253,49.2158352,-122.9710471,2019-06-13T04:21:28.000-07:00,transportation,Shine Car Wash,"{'opening_hours': '24/7', 'addr:housenumber': '7500', 'addr:street': 'Gilley Avenue'}"
254,49.2699198,-122.7909708,2016-05-12T23:35:35.000-07:00,transportation,Westwood Self Serve Car Wash,{}
255,49.2733557,-123.1545317,2017-01-15T02:47:48.000-08:00,transportation,Kits Beach,"{'ref': '0154', 'capacity': '36', 'network': 'Mobi'}"
256,49.2822989,-123.1163235,2019-12-13T06:51:41.000-08:00,transportation,Parkwell (Seymour entrance),{'access': 'yes'}
257,49.2819287,-123.1152806,2019-12-09T03:37:48.000-08:00,transportation,Parkwell (Richards entrance),"{'access': 'yes', 'fee': 'yes'}"
258,49.305071,-123.0323508,2010-05-22T23:59:03.000-07:00,transportation,Petro Canada,{}
259,49.2567361,-123.0232071,2019-10-29T17:29:00.000-07:00,transportation,Chevron,"{'brand:wikidata': 'Q319642', 'brand': 'Chevron', 'brand:wikipedia': 'en:Chevron Corporation'}"
260,49.2545443,-123.0195057,2019-10-29T17:29:00.000-07:00,transportation,Husky,"{'brand:wikidata': 'Q702049', 'brand': 'Husky', 'brand:wikipedia': 'en:Husky Energy'}"
261,49.1118526,-122.6445145,2016-10-10T23:10:08.000-07:00,transportation,Esso Car Wash,"{'addr:housenumber': '6036', 'addr:street': 'Glover Road'}"
262,49.1119509,-122.645126,2016-10-10T23:10:08.000-07:00,transportation,Esso Gas,"{'addr:housenumber': '6036', 'fuel:octane_95': 'yes', 'fuel:octane_91': 'yes', 'addr:street': 'Glover Road', 'fuel:diesel': 'yes', 'brand': 'Esso', 'operator': 'Esso'}"
263,49.0546584,-122.3263996,2015-07-05T15:07:12.000-07:00,transportation,Husky,{}
264,49.2808974,-123.0659762,2019-10-31T23:04:22.000-07:00,transportation,Shell,"{'brand:wikidata': 'Q154950', 'addr:housenumber': '1896', 'brand:wikipedia': 'en:Royal Dutch Shell', 'addr:street': 'East Hastings Street', 'brand': 'Shell', 'addr:city': 'Vancouver'}"
265,49.2608767,-123.2485845,2018-08-23T00:25:33.000-07:00,transportation,Dropbike Haven,{}
266,49.3371539,-123.0385578,2019-07-07T22:34:44.000-07:00,transportation,Petro-Canada,"{'brand:wikidata': 'Q1208279', 'brand': 'Petro-Canada', 'brand:wikipedia': 'en:Petro-Canada', 'operator': 'Petro-Canada'}"
267,49.2903053,-123.1163467,2019-08-29T17:32:53.000-07:00,transportation,V2V Vacations Vancouver Dock,"{'description': 'Daily trips to Downtown Victoria', 'website': 'www.V2Vvacations.com', 'public_transport': 'station', 'operator': 'V2V Vacations', 'ferry': 'yes'}"
268,49.1060312,-122.6539213,2019-12-02T07:25:53.000-08:00,transportation,Langley Centre,"{'bus': 'yes', 'public_transport': 'station', 'network': 'Translink'}"
269,49.2634568,-123.0888362,2018-05-30T03:53:10.000-07:00,transportation,8th & Fraser,"{'ref': '0261', 'capacity': '16', 'network': 'Mobi'}"
270,49.1186037,-122.7353046,2020-01-10T23:10:45.000-08:00,transportation,Shell,"{'brand:wikidata': 'Q154950', 'addr:housenumber': '17588', 'website': 'https://www.shell.ca/', 'phone': '+1-604-575-1378', 'brand:wikipedia': 'en:Royal Dutch Shell', 'opening_hours': '24/7', 'name:en': 'Shell', 'addr:street': '64 Avenue', 'brand': 'Shell'}"
271,49.2584435,-123.0280508,2012-03-10T20:30:11.000-08:00,transportation,Chevron,{'description': 'Has diesel'}
272,49.2771422,-122.83415,2019-09-13T13:57:05.000-07:00,transportation,Street Legal Tint & Detail,"{'addr:housenumber': '3206', 'website': 'http://www.streetlegaltint.com', 'phone': '+1-604-461-8859', 'self_service': 'no', 'description': 'Automotive appearance specialist', 'addr:street': 'Saint Johns Street', 'addr:postcode': 'V3H 2C9', 'operator': 'Roger M. Hipolito', 'email': 'roger@streetlegaltint.com', 'addr:city': 'Port Moody'}"
273,49.2439603,-123.0630041,2018-06-20T15:11:36.000-07:00,transportation,Mr. Rent-A-Car,"{'addr:housenumber': '2138', 'addr:street': 'Kingsway', 'phone': '+1-604-876-7777', 'addr:city': 'Vancouver'}"
274,49.2773948,-123.0704165,2018-05-16T03:14:44.000-07:00,transportation,Commercial & Adanac,"{'ref': '0223', 'capacity': '16', 'network': 'Mobi'}"
275,49.2776591,-123.0735579,2018-05-16T03:14:44.000-07:00,transportation,Adanac & McLean,"{'ref': '0222', 'capacity': '16', 'network': 'Mobi'}"
276,49.2810403,-123.1044111,2018-05-16T03:15:06.000-07:00,transportation,Carrall & Hastings,"{'ref': '0098', 'capacity': '18', 'network': 'Mobi'}"
277,49.3242961,-123.0719424,2019-07-07T22:34:44.000-07:00,transportation,Esso,"{'brand:wikidata': 'Q867662', 'brand': 'Esso', 'brand:wikipedia': 'en:Esso'}"
278,49.3243836,-123.0719786,2012-12-31T01:10:25.000-08:00,transportation,Esso Car Wash,{}
279,49.2801793,-123.0660122,2018-08-08T04:14:32.000-07:00,transportation,Pender & Victoria,"{'ref': '0272', 'capacity': '16', 'network': 'Mobi'}"
280,49.2803186,-123.0700656,2018-08-08T04:14:32.000-07:00,transportation,Pender & Commercial,"{'ref': '0224', 'capacity': '16', 'network': 'Mobi'}"
281,49.2713968,-122.7567067,2016-03-16T00:08:35.000-07:00,transportation,Petro-Canada,{}
282,49.2580237,-123.0833488,2019-06-26T03:53:15.000-07:00,transportation,Windsor & 14th,"{'ref': '0281', 'capacity': '14', 'network': 'Mobi'}"
283,49.2579521,-123.0895274,2019-06-26T03:53:14.000-07:00,transportation,14th & Fraser,"{'ref': '0282', 'capacity': '16', 'network': 'Mobi'}"
284,49.2657985,-122.7736541,2019-09-13T13:57:05.000-07:00,transportation,Esso,"{'brand:wikidata': 'Q867662', 'addr:housenumber': '2090', 'brand:wikipedia': 'en:Esso', 'addr:street': 'Lougheed Highway', 'brand': 'Esso', 'addr:city': 'Port Coquitlam'}"
285,49.280713,-122.8495116,2019-07-22T17:24:22.000-07:00,transportation,Rocky Point Kayak,"{'note': 'Rafting/Kayaking', 'addr:housenumber': '2770', 'website': 'https://www.rockypointkayak.com/', 'addr:street': 'Esplanade Street', 'phone': '+1-604-936-1112'}"
286,49.2734181,-123.0981066,2019-02-25T19:25:00.000-08:00,transportation,Hertz,"{'brand:wikidata': 'Q1543874', 'brand': 'Hertz', 'brand:wikipedia': 'en:The Hertz Corporation'}"
287,49.2812613,-123.002365,2014-03-23T00:11:49.000-07:00,transportation,Chevron,{}
288,49.0317216,-123.0692033,2019-08-18T10:15:50.000-07:00,transportation,Shell,"{'brand:wikidata': 'Q154950', 'brand': 'Shell', 'brand:wikipedia': 'en:Royal Dutch Shell'}"
289,49.0244246,-123.0683555,2019-08-18T20:56:16.000-07:00,transportation,Petro-Canada,"{'brand:wikidata': 'Q1208279', 'brand': 'Petro-Canada', 'brand:wikipedia': 'en:Petro-Canada'}"
290,49.2770609,-123.125447,2019-11-23T22:46:45.000-08:00,transportation,Vancouver - Davie Street & Granville Street,"{'addr:province': 'BC', 'operator:type': 'private', 'operator': 'Modo', 'addr:city': 'Vancouver', 'capacity': '1'}"
291,49.223955,-122.9871633,2013-01-12T16:44:09.000-08:00,transportation,Oasis Car Wash,"{'self_service': 'no', 'automated': 'yes', 'operator': 'Oasis Car Wash'}"
292,49.2638545,-123.1686333,2019-06-08T06:31:22.000-07:00,transportation,Petro-Canada,"{'brand:wikidata': 'Q1208279', 'brand': 'Petro-Canada', 'brand:wikipedia': 'en:Petro-Canada'}"
293,49.2765386,-123.1268559,2019-08-29T18:06:16.000-07:00,transportation,Enterprise,"{'brand:wikidata': 'Q17085454', 'official_name': 'Enterprise Rent-A-Car', 'addr:housenumber': '1250', 'brand:wikipedia': 'en:Enterprise Rent-A-Car', 'addr:street': 'Granville Street', 'addr:postcode': 'V6Z 1M4', 'brand': 'Enterprise', 'addr:unit': '2', 'addr:city': 'Vancouver'}"
294,49.2635645,-123.2034428,2019-08-29T19:44:56.000-07:00,transportation,Shell,"{'brand:wikidata': 'Q154950', 'brand': 'Shell', 'brand:wikipedia': 'en:Royal Dutch Shell'}"
295,49.2742391,-123.1343703,2020-03-27T17:40:40.000-07:00,transportation,Hornby Terminal (Aquabus),"{'public_transport': 'stop_position', 'operator': 'Aquabus', 'ferry': 'yes'}"
296,49.2772762,-123.0873497,2019-09-25T01:25:43.000-07:00,transportation,Hawks & Union,"{'ref': '0219', 'capacity': '16', 'network': 'Mobi'}"
297,49.2792153,-123.0874912,2019-09-25T01:25:44.000-07:00,transportation,Keefer & Hawks,"{'ref': '0228', 'capacity': '16', 'network': 'Mobi'}"
298,49.2465374,-123.0027606,2017-08-23T22:17:22.000-07:00,transportation,Residence Parking,{}
299,49.2469033,-123.0029085,2017-08-23T22:17:22.000-07:00,transportation,Residence Parking,{}
300,49.2703309,-123.1027341,2019-06-12T23:53:50.000-07:00,transportation,Quebec & 1st,"{'ref': '0177', 'capacity': '20', 'network': 'Mobi'}"
301,49.270464,-123.143024,2019-08-29T18:25:42.000-07:00,transportation,Enterprise,"{'brand:wikidata': 'Q17085454', 'opening_hours': 'Mo-Fr 08:00-06:00; Sa 09:00-24:00', 'official_name': 'Enterprise Rent-A-Car', 'brand': 'Enterprise', 'brand:wikipedia': 'en:Enterprise Rent-A-Car'}"
302,49.2675882,-123.0946697,2018-07-25T15:48:27.000-07:00,transportation,Thornton & 1st,"{'ref': '0238', 'capacity': '26', 'network': 'Mobi'}"
303,49.2238668,-122.8924873,2013-06-14T04:23:56.000-07:00,transportation,P2,"{'parking': 'underground', 'maxstay': '2 hours', 'access': 'private'}"
304,49.2238093,-122.8924838,2013-06-14T04:23:56.000-07:00,transportation,P1,"{'parking': 'underground', 'maxstay': '2 hours'}"
305,49.0591797,-122.4932937,2019-09-25T14:48:42.000-07:00,transportation,Chevron,"{'brand:wikidata': 'Q319642', 'addr:housenumber': '26390', 'addr:street': 'Fraser Highway', 'brand': 'Chevron', 'brand:wikipedia': 'en:Chevron Corporation'}"
306,49.0388354,-123.0898207,2019-04-27T08:37:44.000-07:00,transportation,Shell,"{'brand:wikidata': 'Q154950', 'addr:housenumber': '4890', 'brand:wikipedia': 'en:Royal Dutch Shell', 'addr:street': 'Canoe Pass Way', 'brand': 'Shell', 'addr:unit': '600'}"
307,49.140597,-123.137141,2016-09-24T19:54:38.000-07:00,transportation,Petro-Canada,"{'addr:housenumber': '7980', 'addr:street': 'Williams Road'}"
308,49.2810042,-123.0515224,2015-04-25T21:07:40.000-07:00,transportation,Mactalla Cycles,{}
309,49.2640072,-123.1454157,2019-08-29T18:25:42.000-07:00,transportation,Esso,"{'brand:wikidata': 'Q867662', 'addr:housenumber': '1795', 'website': 'https://www.esso.com/', 'brand:wikipedia': 'en:Esso', 'fuel:octane_91': 'yes', 'fuel:octane_89': 'yes', 'addr:street': 'West Broadway', 'brand': 'Esso', 'fuel:octane_87': 'yes', 'operator': 'Esso'}"
310,49.2796444,-122.791888,2020-05-09T20:19:50.000-07:00,transportation,Rooftop Parking,"{'parking': 'rooftop', 'smoothness': 'excellent', 'access': 'customers', 'surface': 'concrete'}"
311,49.2080285,-123.1231153,2019-10-28T15:41:35.000-07:00,transportation,Husky,"{'brand:wikidata': 'Q702049', 'website': 'http://www.myhusky.ca/', 'brand:wikipedia': 'en:Husky Energy', 'fuel:octane_89': 'yes', 'fuel:octane_87': 'yes', 'operator': 'Husky', 'addr:city': 'Vancouver', 'addr:housenumber': '709', 'phone': '+1-604-327-7188', 'fuel:octane_91': 'yes', 'addr:street': 'Southwest Marine Drive', 'brand': 'Husky'}"
312,49.1580443,-122.7793828,2019-09-13T13:56:58.000-07:00,transportation,Petro-Canada,"{'addr:housenumber': '15961', 'addr:street': 'Fraser Highway', 'addr:city': 'Surrey'}"
313,49.1926379,-123.1013503,2015-12-17T07:38:20.000-08:00,transportation,Enterprise Rent-A-Car (Canada),{'addr:unit': '128'}
314,49.2831781,-123.1213224,2020-03-11T04:43:09.000-07:00,transportation,Avis,"{'brand:wikidata': 'Q791136', 'addr:province': 'BC', 'addr:housenumber': '757', 'brand:wikipedia': 'en:Avis Car Rental', 'opening_hours': 'Sa-We 07:00-18:00; Th 07:00-19:00; Fr 07:00-20:00', 'addr:street': 'Hornby Street', 'brand': 'Avis', 'operator': 'Avis', 'addr:city': 'Vancouver'}"
315,49.1285372,-122.7129981,2020-01-25T15:44:32.000-08:00,transportation,Husky,"{'brand:wikidata': 'Q702049', 'brand': 'Husky', 'brand:wikipedia': 'en:Husky Energy'}"
316,49.2808928,-123.0444733,2019-12-20T03:52:46.000-08:00,transportation,Petro-Canada,"{'brand:wikidata': 'Q1208279', 'addr:housenumber': '2890', 'phone': '+1-604-251-4999', 'brand:wikipedia': 'en:Petro-Canada', 'opening_hours': '24/7', 'addr:street': 'East Hastings Street', 'addr:postcode': 'V5K 5C5', 'brand': 'Petro-Canada', 'operator': 'Petro-Canada', 'addr:city': 'Vancouver'}"
317,49.259017,-122.9564347,2019-06-17T23:22:51.000-07:00,transportation,Esso,"{'brand:wikidata': 'Q867662', 'brand': 'Esso', 'brand:wikipedia': 'en:Esso'}"
318,49.2606213,-123.1392236,2011-01-23T05:49:22.000-08:00,transportation,Impark,{}
319,49.2590773,-123.138156,2016-01-12T22:41:33.000-08:00,transportation,Impark,{'parking': 'surface'}
320,49.1711642,-122.6676241,2019-09-13T13:56:49.000-07:00,transportation,Shell,"{'brand:wikidata': 'Q154950', 'addr:housenumber': '9240', 'brand:wikipedia': 'en:Royal Dutch Shell', 'addr:street': '200 Street', 'brand': 'Shell', 'addr:city': 'Langley'}"
321,49.2547691,-122.7831326,2014-10-07T20:31:10.000-07:00,transportation,Shell,"{'fuel:biogas': 'no', 'fuel:electricity': 'no', 'fuel:biodiesel': 'no', 'brand': 'Shell', 'fuel:octane_91': 'yes'}"
322,49.2610722,-122.7834012,2014-10-07T21:08:07.000-07:00,transportation,Chevron,"{'brand': 'Chevron', 'fuel:octane_91': 'yes'}"
323,49.0514775,-122.3114368,2019-02-19T17:01:45.000-08:00,transportation,Abbotsford Car Buff Centre,"{'website': 'https://www.abbotsfordcarbuff.com', 'addr:unit': 'C'}"
324,49.240687199999996,-123.0581163,2020-06-03T02:52:13.000-07:00,transportation,Bike rack,{}
325,49.2601526,-123.0305067,2020-06-03T03:14:20.000-07:00,transportation,Bike rack,{}
326,49.1699001,-123.0911621,2017-02-20T06:56:52.000-08:00,transportation,Super Save Gas,"{'addr:housenumber': '6000', 'addr:street': 'No. 5 Road'}"
327,49.0511229,-122.3239513,2016-07-07T04:02:58.000-07:00,transportation,Petro-Canada,"{'brand': 'Superior Propane', 'operator': 'Petro-Canada', 'fuel:lpg': 'yes'}"
328,49.2678501,-123.1474963,2020-02-25T19:13:21.000-08:00,transportation,Petro-Canada,"{'brand:wikidata': 'Q1208279', 'addr:province': 'BC', 'addr:housenumber': '1896', 'brand:wikipedia': 'en:Petro-Canada', 'addr:street': 'West 4th Avenue', 'brand': 'Petro-Canada', 'addr:city': 'Vancouver'}"
329,49.2639535,-123.1126594,2020-02-27T06:25:37.000-08:00,transportation,8th & Yukon,"{'ref': '0170', 'capacity': '14', 'network': 'Mobi'}"
330,49.2833273,-123.1252595,2020-06-15T02:33:53.000-07:00,transportation,Smithe & Burrard,"{'ref': '0217', 'capacity': '14', 'network': 'Mobi'}"
331,49.2758553,-123.0719018,2018-06-22T04:50:55.000-07:00,transportation,Britannia Parking Lot,"{'ref': '0232', 'capacity': '14', 'network': 'Mobi'}"
332,49.1405785,-123.0136127,2014-08-07T12:20:35.000-07:00,transportation,Husky,"{'shop': 'yes', 'fuel:diesel': 'yes', 'fuel:octane_87': 'yes', 'operator': 'Husky', 'fuel:lpg': 'yes'}"
333,49.3105467,-123.0828804,2018-08-08T20:30:00.000-07:00,transportation,Lonsdale Quay Bus Loop,"{'wheelchair': 'yes', 'note': 'ICBC building above'}"
334,49.2045746,-123.1280662,2020-06-14T04:33:10.000-07:00,transportation,EagleRider,"{'addr:housenumber': '8910', 'website': 'https://www.eaglerider.com/vancouver', 'addr:street': 'Shaughnessy Street', 'wikipedia': 'en:EagleRider', 'wikidata': 'Q5324992', 'addr:city': 'Vancouver'}"
335,49.1917106,-123.0919726,2018-10-16T04:42:54.000-07:00,transportation,Mobil 1 Lube Express,"{'addr:housenumber': '3011', 'addr:street': 'No. 5 Road'}"
336,49.2467014,-122.8933589,2013-11-27T22:26:23.000-08:00,transportation,Shell,{}
337,49.273231,-123.1360331,2020-03-27T17:40:40.000-07:00,transportation,Granville Island Dock (False Creek Ferries),"{'website': 'https://granvilleislandferries.bc.ca/', 'public_transport': 'stop_position', 'operator': 'False Creek Ferries', 'ferry': 'yes'}"
338,49.1297625,-123.0229882,2019-09-02T17:44:42.000-07:00,transportation,Escape Campervans,"{'website': 'https://www.escapecampervans.com', 'internet_access': 'wlan', 'phone': '+1-310-672-9909', 'opening_hours': 'Mo-Su 08:30-16:30', 'name:fr': 'Escape Campervans Vancouver Depot', 'name:en': 'Escape Campervans Vancouver Depot', 'addr:postcode': 'V4G 1H8'}"
339,49.1706917,-123.1519379,2020-04-17T20:36:04.000-07:00,transportation,Exit from Lower Parkade,{}
